group_id,load_step,displacement_y,force_y
0,0,0,0
0,1,0.01,5255.79
0,2,0.02,7862
0,3,0.03,8312.17
0,4,0.04,8530.3
0,5,0.05,8678.73
0,6,0.06,8799.52
0,7,0.07,8915
0,8,0.08,9024.1
0,9,0.09,9128.83
0,10,0.1,9229.95
0,11,0.11,9327.94
0,12,0.12,9423.18
0,13,0.13,9516
0,14,0.14,9606.67
0,15,0.15,9695.44
0,16,0.16,9782.51
0,17,0.17,9868.05
0,18,0.18,9952.2
0,19,0.19,10035.1
0,20,0.2,10116.9
1,0,0,0
1,1,0.01,5492.26
1,2,0.02,9076.08
1,3,0.03,9949.66
1,4,0.04,10557.5
1,5,0.05,11071.2
1,6,0.06,11546.9
1,7,0.07,11995.2
1,8,0.08,12429.5
1,9,0.09,12854.9
1,10,0.1,13273.6
1,11,0.11,13687
1,12,0.12,14096
1,13,0.13,14501.3
1,14,0.14,14903.2
1,15,0.15,15302.3
1,16,0.16,15698.7
1,17,0.17,16092.6
1,18,0.18,16484.3
1,19,0.19,16873.7
1,20,0.2,17261.2
2,0,0,0
2,1,0.01,4872.28
2,2,0.02,7397.95
2,3,0.03,8090.45
2,4,0.04,8607.51
2,5,0.05,9059.61
2,6,0.06,9485.74
2,7,0.07,9891.38
2,8,0.08,10287
2,9,0.09,10676.1
2,10,0.1,11060.3
2,11,0.11,11440.3
2,12,0.12,11816.9
2,13,0.13,12190.6
2,14,0.14,12561.6
2,15,0.15,12930.2
2,16,0.16,13296.6
2,17,0.17,13661
2,18,0.18,14023.4
2,19,0.19,14384.1
2,20,0.2,14743
3,0,0,0
3,1,0.01,4888.7
3,2,0.02,8360.91
3,3,0.03,9312.74
3,4,0.04,9993.07
3,5,0.05,10554.6
3,6,0.06,11057.8
3,7,0.07,11533.9
3,8,0.08,11988.3
3,9,0.09,12431.2
3,10,0.1,12866.6
3,11,0.11,13296.1
3,12,0.12,13720.9
3,13,0.13,14141.8
3,14,0.14,14559.3
3,15,0.15,14973.8
3,16,0.16,15385.6
3,17,0.17,15794.9
3,18,0.18,16202
3,19,0.19,16606.8
3,20,0.2,17009.7
4,0,0,0
4,1,0.01,4466.48
4,2,0.02,7129.14
4,3,0.03,7830.49
4,4,0.04,8334.11
4,5,0.05,8762.05
4,6,0.06,9159.32
4,7,0.07,9533.82
4,8,0.08,9897.08
4,9,0.09,10253.3
4,10,0.1,10604.2
4,11,0.11,10951
4,12,0.12,11294.2
4,13,0.13,11634.5
4,14,0.14,11972.1
4,15,0.15,12307.4
4,16,0.16,12640.6
4,17,0.17,12971.7
4,18,0.18,13301.1
4,19,0.19,13628.7
4,20,0.2,13954.6
5,0,0,0
5,1,0.01,5058.33
5,2,0.02,7384.99
5,3,0.03,8102.76
5,4,0.04,8627.95
5,5,0.05,9074
5,6,0.06,9489.83
5,7,0.07,9881.54
5,8,0.08,10261.7
5,9,0.09,10634.8
5,10,0.1,11002.6
5,11,0.11,11366.1
5,12,0.12,11726.1
5,13,0.13,12083
5,14,0.14,12437.3
5,15,0.15,12789.1
5,16,0.16,13138.7
5,17,0.17,13486.3
5,18,0.18,13832
5,19,0.19,14175.9
5,20,0.2,14518.1
6,0,0,0
6,1,0.01,5415.19
6,2,0.02,8783.13
6,3,0.03,9338.16
6,4,0.04,9598.58
6,5,0.05,9765.89
6,6,0.06,9904.25
6,7,0.07,10029.4
6,8,0.08,10148.1
6,9,0.09,10261.9
6,10,0.1,10371.8
6,11,0.11,10478.1
6,12,0.12,10581.5
6,13,0.13,10682.1
6,14,0.14,10780.3
6,15,0.15,10876.5
6,16,0.16,10970.7
6,17,0.17,11063.1
6,18,0.18,11154.1
6,19,0.19,11243.6
6,20,0.2,11331.8
7,0,0,0
7,1,0.01,4603.48
7,2,0.02,7403.96
7,3,0.03,7935.55
7,4,0.04,8193.55
7,5,0.05,8340.55
7,6,0.06,8451.8
7,7,0.07,8547.71
7,8,0.08,8638.38
7,9,0.09,8725.31
7,10,0.1,8809.13
7,11,0.11,8890.25
7,12,0.12,8968.97
7,13,0.13,9045.54
7,14,0.14,9120.18
7,15,0.15,9193.06
7,16,0.16,9264.36
7,17,0.17,9334.22
7,18,0.18,9402.77
7,19,0.19,9470.12
7,20,0.2,9536.38
8,0,0,0
8,1,0.01,5153.15
8,2,0.02,9050.56
8,3,0.03,9959.56
8,4,0.04,10525.6
8,5,0.05,10956.6
8,6,0.06,11331.4
8,7,0.07,11671.2
8,8,0.08,11993.5
8,9,0.09,12304.8
8,10,0.1,12608
8,11,0.11,12905
8,12,0.12,13197
8,13,0.13,13484.9
8,14,0.14,13769.4
8,15,0.15,14051
8,16,0.16,14329.8
8,17,0.17,14606.3
8,18,0.18,14880.6
8,19,0.19,15152.8
8,20,0.2,15423.2
9,0,0,0
9,1,0.01,4699.96
9,2,0.02,7687.47
9,3,0.03,8464.66
9,4,0.04,9010.21
9,5,0.05,9463.69
9,6,0.06,9879.3
9,7,0.07,10267.8
9,8,0.08,10642.9
9,9,0.09,11009.8
9,10,0.1,11370.5
9,11,0.11,11726.5
9,12,0.12,12078.6
9,13,0.13,12427.3
9,14,0.14,12773.2
9,15,0.15,13116.5
9,16,0.16,13457.5
9,17,0.17,13796.4
9,18,0.18,14133.3
9,19,0.19,14468.3
9,20,0.2,14801.5
10,0,0,0
10,1,0.01,5159.51
10,2,0.02,7421.93
10,3,0.03,8006.9
10,4,0.04,8390.85
10,5,0.05,8700.85
10,6,0.06,8981.04
10,7,0.07,9248.44
10,8,0.08,9502.33
10,9,0.09,9748.54
10,10,0.1,9989.5
10,11,0.11,10226.3
10,12,0.12,10459.8
10,13,0.13,10690.4
10,14,0.14,10918.6
10,15,0.15,11144.5
10,16,0.16,11368.6
10,17,0.17,11590.8
10,18,0.18,11811.3
10,19,0.19,12030.4
10,20,0.2,12247.9
11,0,0,0
11,1,0.01,4667.17
11,2,0.02,8389.1
11,3,0.03,9242.53
11,4,0.04,9751.16
11,5,0.05,10130
11,6,0.06,10451
11,7,0.07,10746.6
11,8,0.08,11023.3
11,9,0.09,11289.2
11,10,0.1,11547.5
11,11,0.11,11800.1
11,12,0.12,12048
11,13,0.13,12292.1
11,14,0.14,12532.9
11,15,0.15,12771
11,16,0.16,13006.7
11,17,0.17,13240.2
11,18,0.18,13471.6
11,19,0.19,13701.3
11,20,0.2,13929.2
12,0,0,0
12,1,0.01,5191.03
12,2,0.02,8230.69
12,3,0.03,8728.54
12,4,0.04,8944.36
12,5,0.05,9065.78
12,6,0.06,9159.54
12,7,0.07,9243.04
12,8,0.08,9322.22
12,9,0.09,9398.27
12,10,0.1,9471.73
12,11,0.11,9542.9
12,12,0.12,9612
12,13,0.13,9679.21
12,14,0.14,9744.71
12,15,0.15,9808.62
12,16,0.16,9871.08
12,17,0.17,9932.19
12,18,0.18,9992.07
12,19,0.19,10050.8
12,20,0.2,10108.5
13,0,0,0
13,1,0.01,4853.84
13,2,0.02,8926.2
13,3,0.03,10020.9
13,4,0.04,10744
13,5,0.05,11338.1
13,6,0.06,11874.8
13,7,0.07,12373.1
13,8,0.08,12852
13,9,0.09,13319
13,10,0.1,13777.7
13,11,0.11,14229.9
13,12,0.12,14676.9
13,13,0.13,15119.8
13,14,0.14,15558.9
13,15,0.15,15994.8
13,16,0.16,16427.8
13,17,0.17,16858.1
13,18,0.18,17285.9
13,19,0.19,17711.4
13,20,0.2,18134.7
14,0,0,0
14,1,0.01,5149.37
14,2,0.02,8992.04
14,3,0.03,9796.79
14,4,0.04,10252.6
14,5,0.05,10581.3
14,6,0.06,10860.2
14,7,0.07,11111
14,8,0.08,11348.2
14,9,0.09,11576
14,10,0.1,11796.6
14,11,0.11,12011.6
14,12,0.12,12221.9
14,13,0.13,12428.5
14,14,0.14,12631.8
14,15,0.15,12832.3
14,16,0.16,13030.4
14,17,0.17,13226.3
14,18,0.18,13420.3
14,19,0.19,13612.4
14,20,0.2,13802.9
15,0,0,0
15,1,0.01,5081.98
15,2,0.02,8930.11
15,3,0.03,9939.24
15,4,0.04,10636.2
15,5,0.05,11219.8
15,6,0.06,11754.9
15,7,0.07,12256.5
15,8,0.08,12741.3
15,9,0.09,13215.9
15,10,0.1,13682.9
15,11,0.11,14144.1
15,12,0.12,14600.4
15,13,0.13,15052.8
15,14,0.14,15501.6
15,15,0.15,15947.4
15,16,0.16,16390.3
15,17,0.17,16830.6
15,18,0.18,17268.4
15,19,0.19,17704
15,20,0.2,18137.4
16,0,0,0
16,1,0.01,5365.27
16,2,0.02,8750.44
16,3,0.03,9344.72
16,4,0.04,9659.51
16,5,0.05,9890.15
16,6,0.06,10082.8
16,7,0.07,10265.3
16,8,0.08,10437.6
16,9,0.09,10602.7
16,10,0.1,10762.4
16,11,0.11,10917.7
16,12,0.12,11069.1
16,13,0.13,11217.3
16,14,0.14,11362.8
16,15,0.15,11505.9
16,16,0.16,11646.9
16,17,0.17,11786.1
16,18,0.18,11923.5
16,19,0.19,12059.5
16,20,0.2,12194
17,0,0,0
17,1,0.01,4774.55
17,2,0.02,8397.08
17,3,0.03,9108.04
17,4,0.04,9486.24
17,5,0.05,9753.88
17,6,0.06,9980.7
17,7,0.07,10185.1
17,8,0.08,10378.2
17,9,0.09,10563.5
17,10,0.1,10742.7
17,11,0.11,10916.9
17,12,0.12,11087.1
17,13,0.13,11254
17,14,0.14,11417.9
17,15,0.15,11579.3
17,16,0.16,11738.5
17,17,0.17,11895.8
17,18,0.18,12051.3
17,19,0.19,12205.2
17,20,0.2,12357.7
18,0,0,0
18,1,0.01,5426.81
18,2,0.02,7560.39
18,3,0.03,7979.35
18,4,0.04,8221.42
18,5,0.05,8412.05
18,6,0.06,8586
18,7,0.07,8747.98
18,8,0.08,8902.58
18,9,0.09,9051.65
18,10,0.1,9196.22
18,11,0.11,9337.08
18,12,0.12,9474.85
18,13,0.13,9610.01
18,14,0.14,9742.93
18,15,0.15,9873.92
18,16,0.16,10003.2
18,17,0.17,10130.9
18,18,0.18,10257.3
18,19,0.19,10382.3
18,20,0.2,10506.2
19,0,0,0
19,1,0.01,4367.56
19,2,0.02,7567.3
19,3,0.03,8187.52
19,4,0.04,8507.33
19,5,0.05,8715.04
19,6,0.06,8880.06
19,7,0.07,9028.84
19,8,0.08,9167.19
19,9,0.09,9299.37
19,10,0.1,9426.79
19,11,0.11,9550.23
19,12,0.12,9670.3
19,13,0.13,9787.46
19,14,0.14,9902.11
19,15,0.15,10014.6
19,16,0.16,10125.1
19,17,0.17,10233.9
19,18,0.18,10341.1
19,19,0.19,10447
19,20,0.2,10551.6
20,0,0,0
20,1,0.01,4785.83
20,2,0.02,8277.34
20,3,0.03,9243.03
20,4,0.04,9936.51
20,5,0.05,10516.5
20,6,0.06,11045.3
20,7,0.07,11538.4
20,8,0.08,12014.4
20,9,0.09,12479.8
20,10,0.1,12937.8
20,11,0.11,13390.1
20,12,0.12,13837.7
20,13,0.13,14281.4
20,14,0.14,14721.7
20,15,0.15,15159.1
20,16,0.16,15593.7
20,17,0.17,16025.9
20,18,0.18,16455.7
20,19,0.19,16883.4
20,20,0.2,17308.9
21,0,0,0
21,1,0.01,4386.16
21,2,0.02,8189.93
21,3,0.03,9154.53
21,4,0.04,9751.26
21,5,0.05,10203.1
21,6,0.06,10581.2
21,7,0.07,10924.9
21,8,0.08,11244
21,9,0.09,11550
21,10,0.1,11847.2
21,11,0.11,12137.7
21,12,0.12,12423
21,13,0.13,12704.2
21,14,0.14,12981.8
21,15,0.15,13256.5
21,16,0.16,13528.5
21,17,0.17,13798.2
21,18,0.18,14065.7
21,19,0.19,14331.3
21,20,0.2,14595
22,0,0,0
22,1,0.01,5009.85
22,2,0.02,7965.11
22,3,0.03,8802.14
22,4,0.04,9418.11
22,5,0.05,9943.13
22,6,0.06,10430.6
22,7,0.07,10890.3
22,8,0.08,11336.6
22,9,0.09,11774.8
22,10,0.1,12206.8
22,11,0.11,12633.9
22,12,0.12,13057
22,13,0.13,13476.7
22,14,0.14,13893.4
22,15,0.15,14307.3
22,16,0.16,14718.8
22,17,0.17,15127.9
22,18,0.18,15534.9
22,19,0.19,15939.9
22,20,0.2,16343
23,0,0,0
23,1,0.01,5058.08
23,2,0.02,8479.36
23,3,0.03,9228.77
23,4,0.04,9701.43
23,5,0.05,10077
23,6,0.06,10415
23,7,0.07,10727.9
23,8,0.08,11027.4
23,9,0.09,11318.1
23,10,0.1,11602.2
23,11,0.11,11881.3
23,12,0.12,12156.2
23,13,0.13,12427.7
23,14,0.14,12696.2
23,15,0.15,12962.1
23,16,0.16,13225.6
23,17,0.17,13487.1
23,18,0.18,13746.6
23,19,0.19,14004.2
23,20,0.2,14260.2
24,0,0,0
24,1,0.01,4642.17
24,2,0.02,8104.66
24,3,0.03,8912.65
24,4,0.04,9417.91
24,5,0.05,9802.02
24,6,0.06,10135.8
24,7,0.07,10438.2
24,8,0.08,10725
24,9,0.09,11002
24,10,0.1,11271.7
24,11,0.11,11535.9
24,12,0.12,11795.6
24,13,0.13,12051.7
24,14,0.14,12304.7
24,15,0.15,12555.1
24,16,0.16,12803.1
24,17,0.17,13048.9
24,18,0.18,13292.8
24,19,0.19,13534.9
24,20,0.2,13775.3
25,0,0,0
25,1,0.01,4504.52
25,2,0.02,8387.4
25,3,0.03,9334.88
25,4,0.04,9889.52
25,5,0.05,10307.4
25,6,0.06,10661.1
25,7,0.07,10985.6
25,8,0.08,11288.9
25,9,0.09,11580.4
25,10,0.1,11863.8
25,11,0.11,12141
25,12,0.12,12413.3
25,13,0.13,12681.6
25,14,0.14,12946.6
25,15,0.15,13208.6
25,16,0.16,13468.1
25,17,0.17,13725.3
25,18,0.18,13980.4
25,19,0.19,14233.6
25,20,0.2,14485
26,0,0,0
26,1,0.01,4530.82
26,2,0.02,7844.91
26,3,0.03,8642.99
26,4,0.04,9169.93
26,5,0.05,9600.48
26,6,0.06,9991.61
26,7,0.07,10355.9
26,8,0.08,10706.5
26,9,0.09,11048.3
26,10,0.1,11383.8
26,11,0.11,11714.3
26,12,0.12,12040.9
26,13,0.13,12364.1
26,14,0.14,12684.3
26,15,0.15,13001.9
26,16,0.16,13317.3
26,17,0.17,13630.4
26,18,0.18,13941.7
26,19,0.19,14251
26,20,0.2,14558.6
27,0,0,0
27,1,0.01,4493.34
27,2,0.02,7059.97
27,3,0.03,7804.55
27,4,0.04,8367.55
27,5,0.05,8859.43
27,6,0.06,9321.87
27,7,0.07,9762.28
27,8,0.08,10192.1
27,9,0.09,10615.2
27,10,0.1,11033.2
27,11,0.11,11447
27,12,0.12,11857.3
27,13,0.13,12264.7
27,14,0.14,12669.4
27,15,0.15,13071.6
27,16,0.16,13471.7
27,17,0.17,13869.7
27,18,0.18,14265.7
27,19,0.19,14659.9
27,20,0.2,15052.3
28,0,0,0
28,1,0.01,5313.59
28,2,0.02,8251.37
28,3,0.03,8940.91
28,4,0.04,9396.7
28,5,0.05,9765.51
28,6,0.06,10101.9
28,7,0.07,10414.6
28,8,0.08,10714.8
28,9,0.09,11007
28,10,0.1,11293
28,11,0.11,11574.3
28,12,0.12,11851.8
28,13,0.13,12126
28,14,0.14,12397.3
28,15,0.15,12666.2
28,16,0.16,12932.8
28,17,0.17,13197.3
28,18,0.18,13460
28,19,0.19,13720.9
28,20,0.2,13980.1
29,0,0,0
29,1,0.01,4645.56
29,2,0.02,7170.1
29,3,0.03,7750.01
29,4,0.04,8145.92
29,5,0.05,8477.77
29,6,0.06,8784.84
29,7,0.07,9072.99
29,8,0.08,9351.06
29,9,0.09,9622.6
29,10,0.1,9889.23
29,11,0.11,10151.9
29,12,0.12,10411.4
29,13,0.13,10668.1
29,14,0.14,10922.4
29,15,0.15,11174.6
29,16,0.16,11424.8
29,17,0.17,11673.2
29,18,0.18,11920
29,19,0.19,12165.2
29,20,0.2,12409
30,0,0,0
30,1,0.01,5152.52
30,2,0.02,8882.11
30,3,0.03,9770.9
30,4,0.04,10346.1
30,5,0.05,10799.4
30,6,0.06,11202.7
30,7,0.07,11573
30,8,0.08,11926.7
30,9,0.09,12270
30,10,0.1,12605.6
30,11,0.11,12935.4
30,12,0.12,13260.4
30,13,0.13,13581.6
30,14,0.14,13899.4
30,15,0.15,14214.2
30,16,0.16,14526.5
30,17,0.17,14836.4
30,18,0.18,15144.1
30,19,0.19,15449.7
30,20,0.2,15753.5
31,0,0,0
31,1,0.01,5126
31,2,0.02,9185.53
31,3,0.03,10080.5
31,4,0.04,10598.8
31,5,0.05,10987.9
31,6,0.06,11324.9
31,7,0.07,11630.7
31,8,0.08,11920.7
31,9,0.09,12200.1
31,10,0.1,12471.8
31,11,0.11,12737.5
31,12,0.12,12998.3
31,13,0.13,13255.1
31,14,0.14,13508.6
31,15,0.15,13759.1
31,16,0.16,14007
31,17,0.17,14252.6
31,18,0.18,14496.1
31,19,0.19,14737.6
31,20,0.2,14977.4
32,0,0,0
32,1,0.01,4848.7
32,2,0.02,8306.81
32,3,0.03,9037.87
32,4,0.04,9469.42
32,5,0.05,9794.5
32,6,0.06,10078.1
32,7,0.07,10336.8
32,8,0.08,10582.5
32,9,0.09,10819.5
32,10,0.1,11049.9
32,11,0.11,11275.1
32,12,0.12,11496.2
32,13,0.13,11713.8
32,14,0.14,11928.4
32,15,0.15,12140.5
32,16,0.16,12350.4
32,17,0.17,12558.2
32,18,0.18,12764.2
32,19,0.19,12968.5
32,20,0.2,13171.3
33,0,0,0
33,1,0.01,5064.32
33,2,0.02,8252.04
33,3,0.03,9091.69
33,4,0.04,9702.61
33,5,0.05,10229.7
33,6,0.06,10722.4
33,7,0.07,11189.8
33,8,0.08,11644.7
33,9,0.09,12091.7
33,10,0.1,12532.6
33,11,0.11,12968.7
33,12,0.12,13400.7
33,13,0.13,13829.3
33,14,0.14,14254.8
33,15,0.15,14677.6
33,16,0.16,15097.9
33,17,0.17,15515.8
33,18,0.18,15931.5
33,19,0.19,16345.2
33,20,0.2,16756.8
34,0,0,0
34,1,0.01,4894.34
34,2,0.02,8895.62
34,3,0.03,9748.58
34,4,0.04,10203.5
34,5,0.05,10503.8
34,6,0.06,10740.7
34,7,0.07,10944.1
34,8,0.08,11133.9
34,9,0.09,11314.8
34,10,0.1,11489.1
34,11,0.11,11658
34,12,0.12,11822.3
34,13,0.13,11982.8
34,14,0.14,12140
34,15,0.15,12294.3
34,16,0.16,12446.2
34,17,0.17,12595.9
34,18,0.18,12743.7
34,19,0.19,12889.7
34,20,0.2,13034.1
35,0,0,0
35,1,0.01,5423.82
35,2,0.02,9335
35,3,0.03,10234.5
35,4,0.04,10816.1
35,5,0.05,11291
35,6,0.06,11718.5
35,7,0.07,12123.9
35,8,0.08,12510.8
35,9,0.09,12887.4
35,10,0.1,13256.7
35,11,0.11,13620.4
35,12,0.12,13979.5
35,13,0.13,14334.6
35,14,0.14,14686.4
35,15,0.15,15035.2
35,16,0.16,15381.3
35,17,0.17,15725
35,18,0.18,16066.3
35,19,0.19,16405.6
35,20,0.2,16742.9
36,0,0,0
36,1,0.01,5071.8
36,2,0.02,8469.73
36,3,0.03,9333.26
36,4,0.04,9938.32
36,5,0.05,10447
36,6,0.06,10916.2
36,7,0.07,11357.2
36,8,0.08,11784.1
36,9,0.09,12202.1
36,10,0.1,12613.5
36,11,0.11,13019.8
36,12,0.12,13421.9
36,13,0.13,13820.3
36,14,0.14,14215.6
36,15,0.15,14608
36,16,0.16,14997.9
36,17,0.17,15385.4
36,18,0.18,15770.7
36,19,0.19,16153.9
36,20,0.2,16535.2
37,0,0,0
37,1,0.01,4949.74
37,2,0.02,7782.63
37,3,0.03,8565.77
37,4,0.04,9158.68
37,5,0.05,9682.08
37,6,0.06,10176.9
37,7,0.07,10650.2
37,8,0.08,11113.1
37,9,0.09,11569
37,10,0.1,12019.5
37,11,0.11,12465.6
37,12,0.12,12908.1
37,13,0.13,13347.3
37,14,0.14,13783.7
37,15,0.15,14217.5
37,16,0.16,14648.8
37,17,0.17,15078
37,18,0.18,15505
37,19,0.19,15930
37,20,0.2,16353.1
38,0,0,0
38,1,0.01,5406.01
38,2,0.02,8046.19
38,3,0.03,8653.77
38,4,0.04,9066.15
38,5,0.05,9410.97
38,6,0.06,9730.67
38,7,0.07,10030.3
38,8,0.08,10319.1
38,9,0.09,10600.8
38,10,0.1,10877
38,11,0.11,11149
38,12,0.12,11417.5
38,13,0.13,11682.9
38,14,0.14,11945.7
38,15,0.15,12206.1
38,16,0.16,12464.5
38,17,0.17,12720.8
38,18,0.18,12975.4
38,19,0.19,13228.4
38,20,0.2,13479.7
39,0,0,0
39,1,0.01,4601.7
39,2,0.02,7048.65
39,3,0.03,7541.86
39,4,0.04,7841.9
39,5,0.05,8081.34
39,6,0.06,8288.67
39,7,0.07,8488.32
39,8,0.08,8677.47
39,9,0.09,8859.95
39,10,0.1,9037.61
39,11,0.11,9211.42
39,12,0.12,9382.08
39,13,0.13,9550.12
39,14,0.14,9715.91
39,15,0.15,9879.74
39,16,0.16,10041.8
39,17,0.17,10202.3
39,18,0.18,10361.4
39,19,0.19,10519.1
39,20,0.2,10675.5
40,0,0,0
40,1,0.01,5240.94
40,2,0.02,7368.71
40,3,0.03,7897.28
40,4,0.04,8241.39
40,5,0.05,8522.72
40,6,0.06,8782.21
40,7,0.07,9024
40,8,0.08,9255.98
40,9,0.09,9481.4
40,10,0.1,9701.85
40,11,0.11,9918.37
40,12,0.12,10131.7
40,13,0.13,10342.3
40,14,0.14,10550.5
40,15,0.15,10756.6
40,16,0.16,10960.9
40,17,0.17,11163.5
40,18,0.18,11364.5
40,19,0.19,11564
40,20,0.2,11762.1
41,0,0,0
41,1,0.01,5254.93
41,2,0.02,7314.55
41,3,0.03,7678.6
41,4,0.04,7889.25
41,5,0.05,8060.06
41,6,0.06,8211.27
41,7,0.07,8357.09
41,8,0.08,8495.31
41,9,0.09,8628.28
41,10,0.1,8757.17
41,11,0.11,8882.65
41,12,0.12,9005.27
41,13,0.13,9125.47
41,14,0.14,9243.57
41,15,0.15,9359.86
41,16,0.16,9474.53
41,17,0.17,9587.76
41,18,0.18,9699.7
41,19,0.19,9810.43
41,20,0.2,9920.06
42,0,0,0
42,1,0.01,4552.96
42,2,0.02,8091.82
42,3,0.03,9021.18
42,4,0.04,9655.2
42,5,0.05,10179
42,6,0.06,10654.6
42,7,0.07,11097.4
42,8,0.08,11523.8
42,9,0.09,11940.2
42,10,0.1,12349.4
42,11,0.11,12753
42,12,0.12,13152.2
42,13,0.13,13547.6
42,14,0.14,13939.8
42,15,0.15,14329.2
42,16,0.16,14716
42,17,0.17,15100.3
42,18,0.18,15482.5
42,19,0.19,15862.7
42,20,0.2,16240.9
43,0,0,0
43,1,0.01,4525.7
43,2,0.02,7277.45
43,3,0.03,7968.78
43,4,0.04,8451.48
43,5,0.05,8855.32
43,6,0.06,9227.69
43,7,0.07,9576.97
43,8,0.08,9914.63
43,9,0.09,10245
43,10,0.1,10569.9
43,11,0.11,10890.5
43,12,0.12,11207.6
43,13,0.13,11521.7
43,14,0.14,11833.1
43,15,0.15,12142.2
43,16,0.16,12449.1
43,17,0.17,12754.1
43,18,0.18,13057.3
43,19,0.19,13358.7
43,20,0.2,13658.6
44,0,0,0
44,1,0.01,5111.12
44,2,0.02,7443.59
44,3,0.03,8113.17
44,4,0.04,8578.8
44,5,0.05,8962.51
44,6,0.06,9311.55
44,7,0.07,9645.56
44,8,0.08,9964.46
44,9,0.09,10275.3
44,10,0.1,10580.7
44,11,0.11,10881.9
44,12,0.12,11179.5
44,13,0.13,11474.2
44,14,0.14,11766.2
44,15,0.15,12055.9
44,16,0.16,12343.5
44,17,0.17,12629.1
44,18,0.18,12912.9
44,19,0.19,13195
44,20,0.2,13475.6
45,0,0,0
45,1,0.01,5092.66
45,2,0.02,8025.68
45,3,0.03,8839.14
45,4,0.04,9451.87
45,5,0.05,9990.12
45,6,0.06,10497.8
45,7,0.07,10982.5
45,8,0.08,11456
45,9,0.09,11922.2
45,10,0.1,12382.8
45,11,0.11,12838.8
45,12,0.12,13291
45,13,0.13,13739.8
45,14,0.14,14185.7
45,15,0.15,14628.9
45,16,0.16,15069.6
45,17,0.17,15508
45,18,0.18,15944.3
45,19,0.19,16378.4
45,20,0.2,16810.6
46,0,0,0
46,1,0.01,4402.44
46,2,0.02,8534.81
46,3,0.03,9594.22
46,4,0.04,10097.2
46,5,0.05,10417.6
46,6,0.06,10652.6
46,7,0.07,10838.7
46,8,0.08,11006.8
46,9,0.09,11165.2
46,10,0.1,11316.8
46,11,0.11,11463
46,12,0.12,11604.8
46,13,0.13,11742.8
46,14,0.14,11877.6
46,15,0.15,12009.4
46,16,0.16,12138.7
46,17,0.17,12265.8
46,18,0.18,12390.8
46,19,0.19,12514.1
46,20,0.2,12635.7
47,0,0,0
47,1,0.01,4525.58
47,2,0.02,7672.44
47,3,0.03,8521.99
47,4,0.04,9126.03
47,5,0.05,9628.12
47,6,0.06,10081.3
47,7,0.07,10511.9
47,8,0.08,10924.1
47,9,0.09,11326.4
47,10,0.1,11722.2
47,11,0.11,12112.8
47,12,0.12,12499.3
47,13,0.13,12882.3
47,14,0.14,13262.3
47,15,0.15,13639.6
47,16,0.16,14014.4
47,17,0.17,14387
47,18,0.18,14757.6
47,19,0.19,15126.1
47,20,0.2,15492.8
48,0,0,0
48,1,0.01,4713.32
48,2,0.02,7690.89
48,3,0.03,8400.73
48,4,0.04,8879.03
48,5,0.05,9270.96
48,6,0.06,9628.95
48,7,0.07,9962.81
48,8,0.08,10284.2
48,9,0.09,10597.6
48,10,0.1,10905.2
48,11,0.11,11208.2
48,12,0.12,11507.5
48,13,0.13,11803.6
48,14,0.14,12097
48,15,0.15,12387.9
48,16,0.16,12676.6
48,17,0.17,12963.3
48,18,0.18,13248.1
48,19,0.19,13531.2
48,20,0.2,13812.6
49,0,0,0
49,1,0.01,4531.74
49,2,0.02,8310.05
49,3,0.03,9163.25
49,4,0.04,9644.75
49,5,0.05,9972.51
49,6,0.06,10227.8
49,7,0.07,10452.7
49,8,0.08,10658.5
49,9,0.09,10854.1
49,10,0.1,11042.6
49,11,0.11,11225.3
49,12,0.12,11403.4
49,13,0.13,11577.6
49,14,0.14,11748.5
49,15,0.15,11916.5
49,16,0.16,12082.1
49,17,0.17,12245.6
49,18,0.18,12407.1
49,19,0.19,12566.9
49,20,0.2,12725.1
50,0,0,0
50,1,0.01,5130.74
50,2,0.02,9106.34
50,3,0.03,10132.2
50,4,0.04,10822.5
50,5,0.05,11382.5
50,6,0.06,11885.1
50,7,0.07,12349.2
50,8,0.08,12794.1
50,9,0.09,13227.3
50,10,0.1,13652.1
50,11,0.11,14070.6
50,12,0.12,14483.9
50,13,0.13,14893.1
50,14,0.14,15298.6
50,15,0.15,15700.8
50,16,0.16,16100.2
50,17,0.17,16497
50,18,0.18,16891.4
50,19,0.19,17283.4
50,20,0.2,17673.4
51,0,0,0
51,1,0.01,4374.44
51,2,0.02,8442.21
51,3,0.03,9651.59
51,4,0.04,10409
51,5,0.05,11019.5
51,6,0.06,11555.2
51,7,0.07,12039.6
51,8,0.08,12498.1
51,9,0.09,12941.2
51,10,0.1,13373.8
51,11,0.11,13798.8
51,12,0.12,14217.9
51,13,0.13,14632.2
51,14,0.14,15042.6
51,15,0.15,15449.5
51,16,0.16,15853.5
51,17,0.17,16254.7
51,18,0.18,16653.4
51,19,0.19,17049.8
51,20,0.2,17444
52,0,0,0
52,1,0.01,4789.96
52,2,0.02,8255.51
52,3,0.03,9086.34
52,4,0.04,9620.25
52,5,0.05,10030.3
52,6,0.06,10388.1
52,7,0.07,10712.8
52,8,0.08,11021.2
52,9,0.09,11319.3
52,10,0.1,11610.1
52,11,0.11,11895.1
52,12,0.12,12175.5
52,13,0.13,12452.3
52,14,0.14,12725.8
52,15,0.15,12996.7
52,16,0.16,13265
52,17,0.17,13531.2
52,18,0.18,13795.4
52,19,0.19,14057.6
52,20,0.2,14318.2
53,0,0,0
53,1,0.01,4506.88
53,2,0.02,7271.33
53,3,0.03,8090.82
53,4,0.04,8705.24
53,5,0.05,9228.76
53,6,0.06,9713.46
53,7,0.07,10170
53,8,0.08,10613.1
53,9,0.09,11048.2
53,10,0.1,11477.3
53,11,0.11,11901.7
53,12,0.12,12322.2
53,13,0.13,12739.5
53,14,0.14,13153.9
53,15,0.15,13565.8
53,16,0.16,13975.3
53,17,0.17,14382.6
53,18,0.18,14787.8
53,19,0.19,15191.1
53,20,0.2,15592.6
54,0,0,0
54,1,0.01,4990.12
54,2,0.02,7284.48
54,3,0.03,8040.61
54,4,0.04,8632.42
54,5,0.05,9159.18
54,6,0.06,9659.78
54,7,0.07,10139.6
54,8,0.08,10609.8
54,9,0.09,11073.5
54,10,0.1,11532.4
54,11,0.11,11987.1
54,12,0.12,12438.4
54,13,0.13,12886.7
54,14,0.14,13332.2
54,15,0.15,13775.3
54,16,0.16,14216.1
54,17,0.17,14654.7
54,18,0.18,15091.3
54,19,0.19,15525.9
54,20,0.2,15958.6
55,0,0,0
55,1,0.01,4682.91
55,2,0.02,6962.44
55,3,0.03,7595.47
55,4,0.04,8039.92
55,5,0.05,8409.12
55,6,0.06,8745.83
55,7,0.07,9068.23
55,8,0.08,9376.64
55,9,0.09,9677.57
55,10,0.1,9973.47
55,11,0.11,10265.4
55,12,0.12,10554
55,13,0.13,10839.7
55,14,0.14,11123
55,15,0.15,11404.1
55,16,0.16,11683.2
55,17,0.17,11960.5
55,18,0.18,12236
55,19,0.19,12510
55,20,0.2,12782.5
56,0,0,0
56,1,0.01,4660.98
56,2,0.02,8143.84
56,3,0.03,9078.16
56,4,0.04,9731.24
56,5,0.05,10263.6
56,6,0.06,10735.8
56,7,0.07,11180
56,8,0.08,11602.2
56,9,0.09,12012.7
56,10,0.1,12415.4
56,11,0.11,12812.3
56,12,0.12,13204.4
56,13,0.13,13592.7
56,14,0.14,13977.7
56,15,0.15,14359.7
56,16,0.16,14739.1
56,17,0.17,15116.1
56,18,0.18,15490.8
56,19,0.19,15863.5
56,20,0.2,16234.2
57,0,0,0
57,1,0.01,5160.67
57,2,0.02,7470.94
57,3,0.03,7945.32
57,4,0.04,8231.68
57,5,0.05,8458.13
57,6,0.06,8664.44
57,7,0.07,8856.11
57,8,0.08,9039.21
57,9,0.09,9216.09
57,10,0.1,9388.11
57,11,0.11,9556.2
57,12,0.12,9721.08
57,13,0.13,9883.28
57,14,0.14,10043.2
57,15,0.15,10201.1
57,16,0.16,10357.2
57,17,0.17,10511.6
57,18,0.18,10664.7
57,19,0.19,10816.3
57,20,0.2,10966.8
58,0,0,0
58,1,0.01,5200.48
58,2,0.02,7327.5
58,3,0.03,7953.16
58,4,0.04,8402.96
58,5,0.05,8787.48
58,6,0.06,9143.6
58,7,0.07,9486.86
58,8,0.08,9816.75
58,9,0.09,10139.6
58,10,0.1,10457.6
58,11,0.11,10771.6
58,12,0.12,11082.3
58,13,0.13,11390.2
58,14,0.14,11695.6
58,15,0.15,11998.7
58,16,0.16,12299.8
58,17,0.17,12598.9
58,18,0.18,12896.3
58,19,0.19,13192.1
58,20,0.2,13486.2
59,0,0,0
59,1,0.01,4597.01
59,2,0.02,7987.9
59,3,0.03,8841.23
59,4,0.04,9421.59
59,5,0.05,9904.88
59,6,0.06,10347.7
59,7,0.07,10762.7
59,8,0.08,11163.4
59,9,0.09,11555.4
59,10,0.1,11940.9
59,11,0.11,12321.4
59,12,0.12,12697.7
59,13,0.13,13070.5
59,14,0.14,13440.3
59,15,0.15,13807.4
59,16,0.16,14172
59,17,0.17,14534.4
59,18,0.18,14894.6
59,19,0.19,15253
59,20,0.2,15609.4
60,0,0,0
60,1,0.01,4665.09
60,2,0.02,8472.42
60,3,0.03,9396.92
60,4,0.04,9971.83
60,5,0.05,10403
60,6,0.06,10769.3
60,7,0.07,11095.1
60,8,0.08,11401.8
60,9,0.09,11696.8
60,10,0.1,11983.4
60,11,0.11,12263.5
60,12,0.12,12538.5
60,13,0.13,12809.5
60,14,0.14,13076.9
60,15,0.15,13341.4
60,16,0.16,13603.3
60,17,0.17,13862.9
60,18,0.18,14120.3
60,19,0.19,14375.8
60,20,0.2,14629.5
61,0,0,0
61,1,0.01,4558.97
61,2,0.02,8030.89
61,3,0.03,8937.53
61,4,0.04,9562.35
61,5,0.05,10088.9
61,6,0.06,10573.7
61,7,0.07,11029.9
61,8,0.08,11471.6
61,9,0.09,11904.3
61,10,0.1,12330.5
61,11,0.11,12751.4
61,12,0.12,13168.1
61,13,0.13,13581.3
61,14,0.14,13991.3
61,15,0.15,14398.5
61,16,0.16,14803.2
61,17,0.17,15205.6
61,18,0.18,15605.7
61,19,0.19,16003.8
61,20,0.2,16400
62,0,0,0
62,1,0.01,5019.32
62,2,0.02,7392.77
62,3,0.03,8180.92
62,4,0.04,8787.26
62,5,0.05,9317.22
62,6,0.06,9816.73
62,7,0.07,10292.3
62,8,0.08,10756.9
62,9,0.09,11214.5
62,10,0.1,11666.8
62,11,0.11,12114.8
62,12,0.12,12559.2
62,13,0.13,13000.5
62,14,0.14,13438.9
62,15,0.15,13874.9
62,16,0.16,14308.4
62,17,0.17,14739.8
62,18,0.18,15169.2
62,19,0.19,15596.5
62,20,0.2,16022
63,0,0,0
63,1,0.01,5162.31
63,2,0.02,8428.79
63,3,0.03,9103.26
63,4,0.04,9480.03
63,5,0.05,9737.47
63,6,0.06,9952.29
63,7,0.07,10144.4
63,8,0.08,10325.9
63,9,0.09,10500
63,10,0.1,10668.2
63,11,0.11,10831.6
63,12,0.12,10990.9
63,13,0.13,11146.9
63,14,0.14,11299.9
63,15,0.15,11450.4
63,16,0.16,11598.7
63,17,0.17,11745.1
63,18,0.18,11889.8
63,19,0.19,12032.8
63,20,0.2,12174.5
64,0,0,0
64,1,0.01,4550.18
64,2,0.02,7489.42
64,3,0.03,8109.76
64,4,0.04,8488.82
64,5,0.05,8781.74
64,6,0.06,9042.53
64,7,0.07,9282.62
64,8,0.08,9511.58
64,9,0.09,9732.98
64,10,0.1,9948.71
64,11,0.11,10160
64,12,0.12,10367.6
64,13,0.13,10572.3
64,14,0.14,10774.4
64,15,0.15,10974.2
64,16,0.16,11172.1
64,17,0.17,11368.1
64,18,0.18,11562.5
64,19,0.19,11755.4
64,20,0.2,11946.9
65,0,0,0
65,1,0.01,4825.98
65,2,0.02,8511.45
65,3,0.03,9465.2
65,4,0.04,10110.3
65,5,0.05,10625.9
65,6,0.06,11077.9
65,7,0.07,11500.6
65,8,0.08,11900.5
65,9,0.09,12288
65,10,0.1,12667.3
65,11,0.11,13040.5
65,12,0.12,13408.8
65,13,0.13,13773.1
65,14,0.14,14133.9
65,15,0.15,14491.7
65,16,0.16,14846.7
65,17,0.17,15199.4
65,18,0.18,15549.7
65,19,0.19,15898
65,20,0.2,16244.2
66,0,0,0
66,1,0.01,4858.36
66,2,0.02,8049.38
66,3,0.03,8570.83
66,4,0.04,8815.49
66,5,0.05,8974.26
66,6,0.06,9106.02
66,7,0.07,9225.36
66,8,0.08,9338.27
66,9,0.09,9446.63
66,10,0.1,9551.12
66,11,0.11,9652.29
66,12,0.12,9750.61
66,13,0.13,9846.38
66,14,0.14,9939.92
66,15,0.15,10031.5
66,16,0.16,10121.2
66,17,0.17,10209.4
66,18,0.18,10296.1
66,19,0.19,10381.5
66,20,0.2,10465.7
67,0,0,0
67,1,0.01,4436.75
67,2,0.02,8567.99
67,3,0.03,9646.29
67,4,0.04,10153.2
67,5,0.05,10495.8
67,6,0.06,10765.5
67,7,0.07,11002.6
67,8,0.08,11219.8
67,9,0.09,11426.1
67,10,0.1,11624.6
67,11,0.11,11817.1
67,12,0.12,12004.7
67,13,0.13,12188.1
67,14,0.14,12368.2
67,15,0.15,12545.2
67,16,0.16,12719.7
67,17,0.17,12891.9
67,18,0.18,13062.1
67,19,0.19,13230.4
67,20,0.2,13397.1
68,0,0,0
68,1,0.01,4331.06
68,2,0.02,7090.23
68,3,0.03,7833.26
68,4,0.04,8361.28
68,5,0.05,8798.65
68,6,0.06,9193.94
68,7,0.07,9570.11
68,8,0.08,9930.04
68,9,0.09,10281.3
68,10,0.1,10626.8
68,11,0.11,10967.8
68,12,0.12,11305.1
68,13,0.13,11639.2
68,14,0.14,11970.6
68,15,0.15,12299.6
68,16,0.16,12626.4
68,17,0.17,12951.2
68,18,0.18,13274.2
68,19,0.19,13595.4
68,20,0.2,13914.9
69,0,0,0
69,1,0.01,4988.99
69,2,0.02,7976.29
69,3,0.03,8839.9
69,4,0.04,9478.35
69,5,0.05,10019.8
69,6,0.06,10520.6
69,7,0.07,10991.8
69,8,0.08,11448.8
69,9,0.09,11897.2
69,10,0.1,12339.2
69,11,0.11,12776.2
69,12,0.12,13209.1
69,13,0.13,13638.4
69,14,0.14,14064.7
69,15,0.15,14488.2
69,16,0.16,14909.2
69,17,0.17,15327.8
69,18,0.18,15744.3
69,19,0.19,16158.7
69,20,0.2,16571.1
70,0,0,0
70,1,0.01,5213.47
70,2,0.02,7024.54
70,3,0.03,7378
70,4,0.04,7543.87
70,5,0.05,7660.2
70,6,0.06,7757.74
70,7,0.07,7852.11
70,8,0.08,7941.61
70,9,0.09,8027.62
70,10,0.1,8110.72
70,11,0.11,8191.26
70,12,0.12,8269.54
70,13,0.13,8345.81
70,14,0.14,8420.28
70,15,0.15,8493.15
70,16,0.16,8564.58
70,17,0.17,8634.71
70,18,0.18,8703.66
70,19,0.19,8771.55
70,20,0.2,8838.45
71,0,0,0
71,1,0.01,5370.18
71,2,0.02,7550.06
71,3,0.03,7903.06
71,4,0.04,8078.59
71,5,0.05,8209.01
71,6,0.06,8322.91
71,7,0.07,8430.31
71,8,0.08,8532.91
71,9,0.09,8631.64
71,10,0.1,8727.03
71,11,0.11,8819.54
71,12,0.12,8909.51
71,13,0.13,8997.25
71,14,0.14,9083.02
71,15,0.15,9167.05
71,16,0.16,9249.5
71,17,0.17,9330.56
71,18,0.18,9410.34
71,19,0.19,9488.97
71,20,0.2,9566.54
72,0,0,0
72,1,0.01,4832.42
72,2,0.02,8591.11
72,3,0.03,9587.26
72,4,0.04,10270
72,5,0.05,10828.3
72,6,0.06,11330.3
72,7,0.07,11794.1
72,8,0.08,12239.1
72,9,0.09,12672.8
72,10,0.1,13098.3
72,11,0.11,13517.7
72,12,0.12,13932.2
72,13,0.13,14342.7
72,14,0.14,14749.6
72,15,0.15,15153.4
72,16,0.16,15554.5
72,17,0.17,15953
72,18,0.18,16349.2
72,19,0.19,16743.1
72,20,0.2,17135.1
73,0,0,0
73,1,0.01,4552.95
73,2,0.02,8312.9
73,3,0.03,9236.37
73,4,0.04,9807.53
73,5,0.05,10255.5
73,6,0.06,10647
73,7,0.07,11012.2
73,8,0.08,11357.4
73,9,0.09,11691.3
73,10,0.1,12017.6
73,11,0.11,12338
73,12,0.12,12653.9
73,13,0.13,12965.9
73,14,0.14,13274.6
73,15,0.15,13580.5
73,16,0.16,13883.8
73,17,0.17,14184.9
73,18,0.18,14483.8
73,19,0.19,14780.8
73,20,0.2,15075.9
74,0,0,0
74,1,0.01,4969.77
74,2,0.02,7439.19
74,3,0.03,8143.68
74,4,0.04,8676.81
74,5,0.05,9146
74,6,0.06,9589.57
74,7,0.07,10012.8
74,8,0.08,10426.1
74,9,0.09,10833
74,10,0.1,11234.9
74,11,0.11,11632.7
74,12,0.12,12027
74,13,0.13,12418.4
74,14,0.14,12807.1
74,15,0.15,13193.4
74,16,0.16,13577.5
74,17,0.17,13959.4
74,18,0.18,14339.5
74,19,0.19,14717.7
74,20,0.2,15094.1
75,0,0,0
75,1,0.01,5287.89
75,2,0.02,8916.7
75,3,0.03,9490.31
75,4,0.04,9739.19
75,5,0.05,9891.74
75,6,0.06,10007.8
75,7,0.07,10113.8
75,8,0.08,10214.4
75,9,0.09,10310.7
75,10,0.1,10403.6
75,11,0.11,10493.6
75,12,0.12,10580.9
75,13,0.13,10665.8
75,14,0.14,10748.6
75,15,0.15,10829.5
75,16,0.16,10908.6
75,17,0.17,10986.1
75,18,0.18,11062.2
75,19,0.19,11136.9
75,20,0.2,11210.3
76,0,0,0
76,1,0.01,5146.9
76,2,0.02,7324.59
76,3,0.03,7813.97
76,4,0.04,8103.09
76,5,0.05,8325.04
76,6,0.06,8525.55
76,7,0.07,8710.97
76,8,0.08,8887.84
76,9,0.09,9058.51
76,10,0.1,9224.29
76,11,0.11,9386.12
76,12,0.12,9544.71
76,13,0.13,9700.6
76,14,0.14,9854.19
76,15,0.15,10005.8
76,16,0.16,10155.6
76,17,0.17,10303.8
76,18,0.18,10450.6
76,19,0.19,10596
76,20,0.2,10740.2
77,0,0,0
77,1,0.01,4367.71
77,2,0.02,6901.59
77,3,0.03,7657.82
77,4,0.04,8220.54
77,5,0.05,8696.08
77,6,0.06,9130.95
77,7,0.07,9547.25
77,8,0.08,9947.64
77,9,0.09,10339.8
77,10,0.1,10726.4
77,11,0.11,11108.7
77,12,0.12,11487.3
77,13,0.13,11862.9
77,14,0.14,12235.8
77,15,0.15,12606.2
77,16,0.16,12974.5
77,17,0.17,13340.7
77,18,0.18,13705
77,19,0.19,14067.6
77,20,0.2,14428.4
78,0,0,0
78,1,0.01,5141.74
78,2,0.02,8954.52
78,3,0.03,9972.59
78,4,0.04,10686.1
78,5,0.05,11281
78,6,0.06,11823.9
78,7,0.07,12330.7
78,8,0.08,12819.9
78,9,0.09,13298.2
78,10,0.1,13768.7
78,11,0.11,14233.2
78,12,0.12,14692.8
78,13,0.13,15148.3
78,14,0.14,15600.2
78,15,0.15,16048.9
78,16,0.16,16494.8
78,17,0.17,16938
78,18,0.18,17378.8
78,19,0.19,17817.3
78,20,0.2,18253.6
79,0,0,0
79,1,0.01,5539.23
79,2,0.02,8554.8
79,3,0.03,9107.1
79,4,0.04,9427.89
79,5,0.05,9677.29
79,6,0.06,9901.38
79,7,0.07,10109.1
79,8,0.08,10307.2
79,9,0.09,10498.2
79,10,0.1,10683.6
79,11,0.11,10864.6
79,12,0.12,11041.8
79,13,0.13,11215.9
79,14,0.14,11387.4
79,15,0.15,11556.6
79,16,0.16,11723.7
79,17,0.17,11889
79,18,0.18,12052.6
79,19,0.19,12214.7
79,20,0.2,12375.4
80,0,0,0
80,1,0.01,5460.25
80,2,0.02,8245.82
80,3,0.03,8810.34
80,4,0.04,9158.05
80,5,0.05,9434.45
80,6,0.06,9685.75
80,7,0.07,9919.12
80,8,0.08,10142.2
80,9,0.09,10358.1
80,10,0.1,10568.4
80,11,0.11,10774.2
80,12,0.12,10976.4
80,13,0.13,11175.6
80,14,0.14,11372.1
80,15,0.15,11566.4
80,16,0.16,11758.6
80,17,0.17,11949
80,18,0.18,12137.7
80,19,0.19,12324.9
80,20,0.2,12510.6
81,0,0,0
81,1,0.01,5003.88
81,2,0.02,7759.53
81,3,0.03,8346.12
81,4,0.04,8696.81
81,5,0.05,8961.19
81,6,0.06,9195.68
81,7,0.07,9411.05
81,8,0.08,9616.12
81,9,0.09,9813.93
81,10,0.1,10006.1
81,11,0.11,10193.9
81,12,0.12,10378
81,13,0.13,10559
81,14,0.14,10737.5
81,15,0.15,10913.7
81,16,0.16,11088
81,17,0.17,11260.5
81,18,0.18,11431.4
81,19,0.19,11600.8
81,20,0.2,11768.8
82,0,0,0
82,1,0.01,4854.33
82,2,0.02,7225.92
82,3,0.03,7700.54
82,4,0.04,7946.92
82,5,0.05,8112.77
82,6,0.06,8254.4
82,7,0.07,8383.36
82,8,0.08,8505.94
82,9,0.09,8623.67
82,10,0.1,8737.36
82,11,0.11,8847.61
82,12,0.12,8954.91
82,13,0.13,9059.67
82,14,0.14,9162.2
82,15,0.15,9262.81
82,16,0.16,9361.7
82,17,0.17,9459.09
82,18,0.18,9555.11
82,19,0.19,9649.91
82,20,0.2,9743.58
83,0,0,0
83,1,0.01,4492.71
83,2,0.02,8604.71
83,3,0.03,9816.13
83,4,0.04,10552.4
83,5,0.05,11151.5
83,6,0.06,11687.6
83,7,0.07,12182.4
83,8,0.08,12655.9
83,9,0.09,13116.5
83,10,0.1,13568.1
83,11,0.11,14013
83,12,0.12,14452.5
83,13,0.13,14887.6
83,14,0.14,15319
83,15,0.15,15747.1
83,16,0.16,16172.3
83,17,0.17,16594.8
83,18,0.18,17014.8
83,19,0.19,17432.5
83,20,0.2,17848
84,0,0,0
84,1,0.01,4339.41
84,2,0.02,7979.68
84,3,0.03,8814.34
84,4,0.04,9288.97
84,5,0.05,9625.73
84,6,0.06,9903
84,7,0.07,10145.9
84,8,0.08,10373.3
84,9,0.09,10590.8
84,10,0.1,10801.1
84,11,0.11,11005.7
84,12,0.12,11205.8
84,13,0.13,11402
84,14,0.14,11595.2
84,15,0.15,11785.6
84,16,0.16,11973.7
84,17,0.17,12159.7
84,18,0.18,12343.8
84,19,0.19,12526.2
84,20,0.2,12707.1
85,0,0,0
85,1,0.01,5024.26
85,2,0.02,8694
85,3,0.03,9527.03
85,4,0.04,10038.7
85,5,0.05,10423.1
85,6,0.06,10752
85,7,0.07,11056.9
85,8,0.08,11343.1
85,9,0.09,11618.6
85,10,0.1,11886.5
85,11,0.11,12148.7
85,12,0.12,12406.2
85,13,0.13,12659.9
85,14,0.14,12910.4
85,15,0.15,13158
85,16,0.16,13403.1
85,17,0.17,13646.1
85,18,0.18,13887
85,19,0.19,14126
85,20,0.2,14363.3
86,0,0,0
86,1,0.01,5039.14
86,2,0.02,8765.88
86,3,0.03,9533.26
86,4,0.04,9966.25
86,5,0.05,10282.5
86,6,0.06,10553.6
86,7,0.07,10799
86,8,0.08,11031.4
86,9,0.09,11254.8
86,10,0.1,11471.4
86,11,0.11,11682.6
86,12,0.12,11889.4
86,13,0.13,12092.5
86,14,0.14,12292.5
86,15,0.15,12489.9
86,16,0.16,12684.9
86,17,0.17,12877.8
86,18,0.18,13068.8
86,19,0.19,13258.1
86,20,0.2,13445.8
87,0,0,0
87,1,0.01,4963.59
87,2,0.02,8844.11
87,3,0.03,9808.76
87,4,0.04,10435.1
87,5,0.05,10926.3
87,6,0.06,11358.1
87,7,0.07,11751.4
87,8,0.08,12125.6
87,9,0.09,12488.1
87,10,0.1,12842.3
87,11,0.11,13190.1
87,12,0.12,13532.9
87,13,0.13,13871.5
87,14,0.14,14206.6
87,15,0.15,14538.6
87,16,0.16,14867.9
87,17,0.17,15194.7
87,18,0.18,15519.3
87,19,0.19,15841.7
87,20,0.2,16162.2
88,0,0,0
88,1,0.01,4822.06
88,2,0.02,7577.83
88,3,0.03,8148.91
88,4,0.04,8492.67
88,5,0.05,8755.92
88,6,0.06,8990.76
88,7,0.07,9207.12
88,8,0.08,9413.34
88,9,0.09,9612.47
88,10,0.1,9806.15
88,11,0.11,9995.49
88,12,0.12,10181.3
88,13,0.13,10364.2
88,14,0.14,10544.6
88,15,0.15,10722.8
88,16,0.16,10899
88,17,0.17,11073.6
88,18,0.18,11246.5
88,19,0.19,11418
88,20,0.2,11588.1
89,0,0,0
89,1,0.01,5123.34
89,2,0.02,8577.65
89,3,0.03,9517.97
89,4,0.04,10187
89,5,0.05,10734.7
89,6,0.06,11224.3
89,7,0.07,11687.4
89,8,0.08,12128.8
89,9,0.09,12558.7
89,10,0.1,12981.1
89,11,0.11,13397.5
89,12,0.12,13809.3
89,13,0.13,14217.1
89,14,0.14,14621.6
89,15,0.15,15023
89,16,0.16,15421.7
89,17,0.17,15817.9
89,18,0.18,16211.8
89,19,0.19,16603.5
89,20,0.2,16993.2
90,0,0,0
90,1,0.01,4501.11
90,2,0.02,7884.5
90,3,0.03,8649.55
90,4,0.04,9111.96
90,5,0.05,9453.63
90,6,0.06,9745.91
90,7,0.07,10008.5
90,8,0.08,10256.8
90,9,0.09,10495.7
90,10,0.1,10727.7
90,11,0.11,10954.4
90,12,0.12,11176.7
90,13,0.13,11395.5
90,14,0.14,11611.3
90,15,0.15,11824.6
90,16,0.16,12035.6
90,17,0.17,12244.6
90,18,0.18,12451.7
90,19,0.19,12657.2
90,20,0.2,12861.1
91,0,0,0
91,1,0.01,5164.51
91,2,0.02,8791.57
91,3,0.03,9505.67
91,4,0.04,9879.06
91,5,0.05,10116.9
91,6,0.06,10305.6
91,7,0.07,10470.2
91,8,0.08,10625.1
91,9,0.09,10773.2
91,10,0.1,10915.9
91,11,0.11,11054.1
91,12,0.12,11188.5
91,13,0.13,11319.5
91,14,0.14,11447.6
91,15,0.15,11573.2
91,16,0.16,11696.5
91,17,0.17,11817.9
91,18,0.18,11937.4
91,19,0.19,12055.4
91,20,0.2,12171.9
92,0,0,0
92,1,0.01,4772.66
92,2,0.02,7577.31
92,3,0.03,8233.69
92,4,0.04,8655.74
92,5,0.05,8985.69
92,6,0.06,9280.99
92,7,0.07,9552.89
92,8,0.08,9812.65
92,9,0.09,10064.5
92,10,0.1,10310.4
92,11,0.11,10551.6
92,12,0.12,10789.2
92,13,0.13,11023.7
92,14,0.14,11255.5
92,15,0.15,11484.9
92,16,0.16,11712.3
92,17,0.17,11937.8
92,18,0.18,12161.6
92,19,0.19,12383.7
92,20,0.2,12604.4
93,0,0,0
93,1,0.01,4854.05
93,2,0.02,7808.4
93,3,0.03,8590.95
93,4,0.04,9135.47
93,5,0.05,9577.24
93,6,0.06,9972.48
93,7,0.07,10347.2
93,8,0.08,10704
93,9,0.09,11051.2
93,10,0.1,11392
93,11,0.11,11727.9
93,12,0.12,12059.7
93,13,0.13,12388
93,14,0.14,12713.5
93,15,0.15,13036.3
93,16,0.16,13356.8
93,17,0.17,13675.2
93,18,0.18,13991.6
93,19,0.19,14306.1
93,20,0.2,14618.8
94,0,0,0
94,1,0.01,5019.05
94,2,0.02,8193.53
94,3,0.03,9028.32
94,4,0.04,9614.71
94,5,0.05,10099.4
94,6,0.06,10537.5
94,7,0.07,10954.4
94,8,0.08,11353.2
94,9,0.09,11742.2
94,10,0.1,12124.7
94,11,0.11,12502
94,12,0.12,12875.1
94,13,0.13,13244.7
94,14,0.14,13611.1
94,15,0.15,13974.8
94,16,0.16,14336.1
94,17,0.17,14695
94,18,0.18,15051.8
94,19,0.19,15406.7
94,20,0.2,15759.6
95,0,0,0
95,1,0.01,5167.24
95,2,0.02,8413.74
95,3,0.03,8996.1
95,4,0.04,9316.71
95,5,0.05,9555.83
95,6,0.06,9766.49
95,7,0.07,9960.17
95,8,0.08,10144.3
95,9,0.09,10321.5
95,10,0.1,10493.1
95,11,0.11,10660.3
95,12,0.12,10823.7
95,13,0.13,10984
95,14,0.14,11141.6
95,15,0.15,11296.9
95,16,0.16,11450.1
95,17,0.17,11601.6
95,18,0.18,11751.3
95,19,0.19,11899.6
95,20,0.2,12046.5
96,0,0,0
96,1,0.01,4823.84
96,2,0.02,8053.47
96,3,0.03,8882.01
96,4,0.04,9446.3
96,5,0.05,9894.89
96,6,0.06,10289.8
96,7,0.07,10660.9
96,8,0.08,11012.4
96,9,0.09,11353.3
96,10,0.1,11687
96,11,0.11,12015.4
96,12,0.12,12339.4
96,13,0.13,12659.7
96,14,0.14,12977
96,15,0.15,13291.5
96,16,0.16,13603.6
96,17,0.17,13913.4
96,18,0.18,14221.2
96,19,0.19,14527.1
96,20,0.2,14831.3
97,0,0,0
97,1,0.01,5135.74
97,2,0.02,8687.33
97,3,0.03,9515.15
97,4,0.04,10050.6
97,5,0.05,10474.9
97,6,0.06,10855
97,7,0.07,11205.7
97,8,0.08,11541.1
97,9,0.09,11866.9
97,10,0.1,12185.6
97,11,0.11,12498.8
97,12,0.12,12807.5
97,13,0.13,13112.5
97,14,0.14,13414.4
97,15,0.15,13713.5
97,16,0.16,14010.1
97,17,0.17,14304.4
97,18,0.18,14596.6
97,19,0.19,14886.9
97,20,0.2,15175.3
98,0,0,0
98,1,0.01,4919.65
98,2,0.02,8448.44
98,3,0.03,9254.16
98,4,0.04,9746.83
98,5,0.05,10105.2
98,6,0.06,10408.5
98,7,0.07,10678.9
98,8,0.08,10934.1
98,9,0.09,11179.5
98,10,0.1,11417.4
98,11,0.11,11649.5
98,12,0.12,11877
98,13,0.13,12100.7
98,14,0.14,12321.1
98,15,0.15,12538.8
98,16,0.16,12754.1
98,17,0.17,12967.3
98,18,0.18,13178.5
98,19,0.19,13387.9
98,20,0.2,13595.6
99,0,0,0
99,1,0.01,5073
99,2,0.02,7159.67
99,3,0.03,7882.06
99,4,0.04,8435.63
99,5,0.05,8921.55
99,6,0.06,9381.34
99,7,0.07,9819.55
99,8,0.08,10247.7
99,9,0.09,10669.7
99,10,0.1,11086.7
99,11,0.11,11499.8
99,12,0.12,11909.4
99,13,0.13,12316.1
99,14,0.14,12720.2
99,15,0.15,13121.9
99,16,0.16,13521.4
99,17,0.17,13918.9
99,18,0.18,14314.4
99,19,0.19,14708
99,20,0.2,15099.9
100,0,0,0
100,1,0.01,5232.58
100,2,0.02,8039.14
100,3,0.03,8836.17
100,4,0.04,9421.73
100,5,0.05,9922.98
100,6,0.06,10390.5
100,7,0.07,10832.1
100,8,0.08,11261.3
100,9,0.09,11682.7
100,10,0.1,12098.2
100,11,0.11,12509.1
100,12,0.12,12916
100,13,0.13,13319.6
100,14,0.14,13720.3
100,15,0.15,14118.2
100,16,0.16,14513.8
100,17,0.17,14907.1
100,18,0.18,15298.2
100,19,0.19,15687.4
100,20,0.2,16074.7
101,0,0,0
101,1,0.01,4916.19
101,2,0.02,8202.93
101,3,0.03,8880.88
101,4,0.04,9291.88
101,5,0.05,9613.02
101,6,0.06,9900.05
101,7,0.07,10164.9
101,8,0.08,10417.7
101,9,0.09,10662.4
101,10,0.1,10901
101,11,0.11,11134.7
101,12,0.12,11364.5
101,13,0.13,11591.1
101,14,0.14,11814.8
101,15,0.15,12036.2
101,16,0.16,12255.3
101,17,0.17,12472.5
101,18,0.18,12687.9
101,19,0.19,12901.6
101,20,0.2,13113.8
102,0,0,0
102,1,0.01,5175.48
102,2,0.02,8045.52
102,3,0.03,8719.42
102,4,0.04,9161.51
102,5,0.05,9516.47
102,6,0.06,9839
102,7,0.07,10138.3
102,8,0.08,10425.3
102,9,0.09,10704.2
102,10,0.1,10977.2
102,11,0.11,11245.6
102,12,0.12,11510.1
102,13,0.13,11771.4
102,14,0.14,12030
102,15,0.15,12286.1
102,16,0.16,12540
102,17,0.17,12791.9
102,18,0.18,13042
102,19,0.19,13290.4
102,20,0.2,13537.2
103,0,0,0
103,1,0.01,4597.65
103,2,0.02,8541.72
103,3,0.03,9583.28
103,4,0.04,10247.7
103,5,0.05,10780
103,6,0.06,11253
103,7,0.07,11687
103,8,0.08,12101.3
103,9,0.09,12503.6
103,10,0.1,12897.5
103,11,0.11,13285
103,12,0.12,13667.4
103,13,0.13,14045.7
103,14,0.14,14420.5
103,15,0.15,14792.1
103,16,0.16,15161
103,17,0.17,15527.4
103,18,0.18,15891.4
103,19,0.19,16253.4
103,20,0.2,16613.2
104,0,0,0
104,1,0.01,4791.99
104,2,0.02,7972
104,3,0.03,8730.46
104,4,0.04,9235.81
104,5,0.05,9645.52
104,6,0.06,10017.1
104,7,0.07,10362.4
104,8,0.08,10694.1
104,9,0.09,11017.3
104,10,0.1,11334.1
104,11,0.11,11646
104,12,0.12,11954
104,13,0.13,12258.6
104,14,0.14,12560.2
104,15,0.15,12859.4
104,16,0.16,13156.2
104,17,0.17,13450.9
104,18,0.18,13743.7
104,19,0.19,14034.6
104,20,0.2,14323.8
105,0,0,0
105,1,0.01,4671.97
105,2,0.02,8681.35
105,3,0.03,9536.49
105,4,0.04,9960.89
105,5,0.05,10237.7
105,6,0.06,10453.6
105,7,0.07,10644.5
105,8,0.08,10820.4
105,9,0.09,10987.9
105,10,0.1,11149.1
105,11,0.11,11305.2
105,12,0.12,11457
105,13,0.13,11605.3
105,14,0.14,11750.4
105,15,0.15,11892.8
105,16,0.16,12032.9
105,17,0.17,12170.8
105,18,0.18,12306.9
105,19,0.19,12441.3
105,20,0.2,12574.1
106,0,0,0
106,1,0.01,4955.85
106,2,0.02,8044.96
106,3,0.03,8509.02
106,4,0.04,8702.83
106,5,0.05,8814.91
106,6,0.06,8903.07
106,7,0.07,8983.32
106,8,0.08,9059.03
106,9,0.09,9131.69
106,10,0.1,9201.83
106,11,0.11,9269.8
106,12,0.12,9335.78
106,13,0.13,9400
106,14,0.14,9462.57
106,15,0.15,9523.62
106,16,0.16,9583.29
106,17,0.17,9641.67
106,18,0.18,9698.88
106,19,0.19,9754.98
106,20,0.2,9810.07
107,0,0,0
107,1,0.01,5087.44
107,2,0.02,7842.29
107,3,0.03,8398.19
107,4,0.04,8749.04
107,5,0.05,9033.33
107,6,0.06,9290.35
107,7,0.07,9534.73
107,8,0.08,9766.84
107,9,0.09,9991.54
107,10,0.1,10210.9
107,11,0.11,10426.1
107,12,0.12,10637.9
107,13,0.13,10846.7
107,14,0.14,11053.1
107,15,0.15,11257.2
107,16,0.16,11459.4
107,17,0.17,11659.7
107,18,0.18,11858.5
107,19,0.19,12055.7
107,20,0.2,12251.4
108,0,0,0
108,1,0.01,5152.49
108,2,0.02,9150.14
108,3,0.03,10091.2
108,4,0.04,10678.4
108,5,0.05,11135
108,6,0.06,11533.4
108,7,0.07,11905.2
108,8,0.08,12256.3
108,9,0.09,12595.6
108,10,0.1,12926.9
108,11,0.11,13252.1
108,12,0.12,13572.3
108,13,0.13,13888.4
108,14,0.14,14201.1
108,15,0.15,14510.7
108,16,0.16,14817.6
108,17,0.17,15122.1
108,18,0.18,15424.3
108,19,0.19,15724.4
108,20,0.2,16022.7
109,0,0,0
109,1,0.01,4906.28
109,2,0.02,8781.38
109,3,0.03,9706.46
109,4,0.04,10289.5
109,5,0.05,10760.6
109,6,0.06,11185.4
109,7,0.07,11579.7
109,8,0.08,11958.1
109,9,0.09,12326.5
109,10,0.1,12687.6
109,11,0.11,13043
109,12,0.12,13393.9
109,13,0.13,13741
109,14,0.14,14084.8
109,15,0.15,14425.6
109,16,0.16,14763.9
109,17,0.17,15099.8
109,18,0.18,15433.4
109,19,0.19,15765
109,20,0.2,16094.7
110,0,0,0
110,1,0.01,4781.06
110,2,0.02,7835.28
110,3,0.03,8583.21
110,4,0.04,9082.72
110,5,0.05,9482.32
110,6,0.06,9837.72
110,7,0.07,10173.6
110,8,0.08,10492.5
110,9,0.09,10802.1
110,10,0.1,11105.3
110,11,0.11,11403.6
110,12,0.12,11698
110,13,0.13,11988.9
110,14,0.14,12277
110,15,0.15,12562.6
110,16,0.16,12845.9
110,17,0.17,13127.1
110,18,0.18,13406.4
110,19,0.19,13684
110,20,0.2,13959.8
111,0,0,0
111,1,0.01,5208.56
111,2,0.02,8191.8
111,3,0.03,8692.72
111,4,0.04,8913.78
111,5,0.05,9038.27
111,6,0.06,9135.04
111,7,0.07,9221.29
111,8,0.08,9303.03
111,9,0.09,9381.57
111,10,0.1,9457.42
111,11,0.11,9530.9
111,12,0.12,9602.24
111,13,0.13,9671.63
111,14,0.14,9739.25
111,15,0.15,9805.24
111,16,0.16,9869.75
111,17,0.17,9932.88
111,18,0.18,9994.74
111,19,0.19,10055.4
111,20,0.2,10115
112,0,0,0
112,1,0.01,4666.6
112,2,0.02,8101.29
112,3,0.03,8985.87
112,4,0.04,9587.85
112,5,0.05,10073.7
112,6,0.06,10503.9
112,7,0.07,10908.6
112,8,0.08,11292.9
112,9,0.09,11666.2
112,10,0.1,12032.1
112,11,0.11,12392.5
112,12,0.12,12748.4
112,13,0.13,13100.5
112,14,0.14,13449.4
112,15,0.15,13795.5
112,16,0.16,14139
112,17,0.17,14480.3
112,18,0.18,14819.4
112,19,0.19,15156.5
112,20,0.2,15491.7
113,0,0,0
113,1,0.01,5280.39
113,2,0.02,8741.4
113,3,0.03,9561.3
113,4,0.04,10108
113,5,0.05,10552.3
113,6,0.06,10956.2
113,7,0.07,11332
113,8,0.08,11693.2
113,9,0.09,12045.1
113,10,0.1,12390.2
113,11,0.11,12730.1
113,12,0.12,13065.6
113,13,0.13,13397.4
113,14,0.14,13726.1
113,15,0.15,14052
113,16,0.16,14375.4
113,17,0.17,14696.5
113,18,0.18,15015.5
113,19,0.19,15332.5
113,20,0.2,15647.6
114,0,0,0
114,1,0.01,4542.13
114,2,0.02,8210.23
114,3,0.03,9079.02
114,4,0.04,9608.85
114,5,0.05,10000.1
114,6,0.06,10325.9
114,7,0.07,10622.7
114,8,0.08,10898.7
114,9,0.09,11163.4
114,10,0.1,11420.1
114,11,0.11,11670.7
114,12,0.12,11916.6
114,13,0.13,12158.5
114,14,0.14,12397.2
114,15,0.15,12633
114,16,0.16,12866.3
114,17,0.17,13097.4
114,18,0.18,13326.6
114,19,0.19,13553.9
114,20,0.2,13779.5
115,0,0,0
115,1,0.01,4520.76
115,2,0.02,8233.43
115,3,0.03,9108.91
115,4,0.04,9632.58
115,5,0.05,10025.9
115,6,0.06,10363.8
115,7,0.07,10667.8
115,8,0.08,10955.1
115,9,0.09,11231.8
115,10,0.1,11500.9
115,11,0.11,11764.1
115,12,0.12,12022.7
115,13,0.13,12277.4
115,14,0.14,12528.9
115,15,0.15,12777.6
115,16,0.16,13023.8
115,17,0.17,13267.9
115,18,0.18,13509.9
115,19,0.19,13750.1
115,20,0.2,13988.6
116,0,0,0
116,1,0.01,4444.13
116,2,0.02,7581.68
116,3,0.03,8302.9
116,4,0.04,8747.08
116,5,0.05,9071.1
116,6,0.06,9345.86
116,7,0.07,9591.18
116,8,0.08,9822.81
116,9,0.09,10045.6
116,10,0.1,10261.6
116,11,0.11,10472.5
116,12,0.12,10679.2
116,13,0.13,10882.5
116,14,0.14,11083
116,15,0.15,11280.9
116,16,0.16,11476.7
116,17,0.17,11670.6
116,18,0.18,11862.7
116,19,0.19,12053.2
116,20,0.2,12242.2
117,0,0,0
117,1,0.01,5251.5
117,2,0.02,8825.31
117,3,0.03,9508.5
117,4,0.04,9891.25
117,5,0.05,10175.8
117,6,0.06,10422.2
117,7,0.07,10652.3
117,8,0.08,10869
117,9,0.09,11077.3
117,10,0.1,11279.4
117,11,0.11,11476.4
117,12,0.12,11669.3
117,13,0.13,11858.7
117,14,0.14,12045.2
117,15,0.15,12229.2
117,16,0.16,12410.9
117,17,0.17,12590.6
117,18,0.18,12768.5
117,19,0.19,12944.8
117,20,0.2,13119.5
118,0,0,0
118,1,0.01,4796.59
118,2,0.02,8698.51
118,3,0.03,9655.71
118,4,0.04,10257.3
118,5,0.05,10718.4
118,6,0.06,11116.9
118,7,0.07,11475.9
118,8,0.08,11815.7
118,9,0.09,12143.6
118,10,0.1,12462.9
118,11,0.11,12775.8
118,12,0.12,13083.6
118,13,0.13,13387.3
118,14,0.14,13687.4
118,15,0.15,13984.6
118,16,0.16,14279
118,17,0.17,14571
118,18,0.18,14860.8
118,19,0.19,15148.6
118,20,0.2,15434.5
119,0,0,0
119,1,0.01,4531.03
119,2,0.02,7614.05
119,3,0.03,8316.95
119,4,0.04,8758.47
119,5,0.05,9096.76
119,6,0.06,9394.44
119,7,0.07,9666.28
119,8,0.08,9925.03
119,9,0.09,10175.2
119,10,0.1,10419.1
119,11,0.11,10658.1
119,12,0.12,10893.1
119,13,0.13,11124.9
119,14,0.14,11353.9
119,15,0.15,11580.5
119,16,0.16,11805
119,17,0.17,12027.5
119,18,0.18,12248.2
119,19,0.19,12467.4
119,20,0.2,12684.9
120,0,0,0
120,1,0.01,4616.69
120,2,0.02,8241.13
120,3,0.03,9038.37
120,4,0.04,9493.69
120,5,0.05,9808.59
120,6,0.06,10064.7
120,7,0.07,10288.1
120,8,0.08,10497.3
120,9,0.09,10697.4
120,10,0.1,10890.5
120,11,0.11,11078.2
120,12,0.12,11261.3
120,13,0.13,11440.7
120,14,0.14,11616.9
120,15,0.15,11790.5
120,16,0.16,11961.7
120,17,0.17,12130.8
120,18,0.18,12298
120,19,0.19,12463.6
120,20,0.2,12627.6
121,0,0,0
121,1,0.01,4435.05
121,2,0.02,8526.12
121,3,0.03,9735.92
121,4,0.04,10481
121,5,0.05,11082.6
121,6,0.06,11615.8
121,7,0.07,12102.7
121,8,0.08,12566.1
121,9,0.09,13015.5
121,10,0.1,13455.2
121,11,0.11,13887.7
121,12,0.12,14314.6
121,13,0.13,14736.9
121,14,0.14,15155.4
121,15,0.15,15570.5
121,16,0.16,15982.7
121,17,0.17,16392.2
121,18,0.18,16799.2
121,19,0.19,17203.8
121,20,0.2,17606.4
122,0,0,0
122,1,0.01,4891.11
122,2,0.02,8521.7
122,3,0.03,9198.3
122,4,0.04,9528.92
122,5,0.05,9736.92
122,6,0.06,9901.27
122,7,0.07,10045.2
122,8,0.08,10180.4
122,9,0.09,10309.8
122,10,0.1,10434.4
122,11,0.11,10555
122,12,0.12,10672.1
122,13,0.13,10786.3
122,14,0.14,10897.8
122,15,0.15,11007
122,16,0.16,11114.1
122,17,0.17,11219.4
122,18,0.18,11323
122,19,0.19,11425.1
122,20,0.2,11525.8
123,0,0,0
123,1,0.01,4797.11
123,2,0.02,7242.76
123,3,0.03,7935.47
123,4,0.04,8448.92
123,5,0.05,8893.76
123,6,0.06,9311.3
123,7,0.07,9707.37
123,8,0.08,10093
123,9,0.09,10472.1
123,10,0.1,10846.2
123,11,0.11,11216.1
123,12,0.12,11582.7
123,13,0.13,11946.3
123,14,0.14,12307.2
123,15,0.15,12665.9
123,16,0.16,13022.3
123,17,0.17,13376.8
123,18,0.18,13729.3
123,19,0.19,14080.1
123,20,0.2,14429.2
124,0,0,0
124,1,0.01,4340.08
124,2,0.02,7199.96
124,3,0.03,7915.77
124,4,0.04,8396.77
124,5,0.05,8779
124,6,0.06,9116.39
124,7,0.07,9434.07
124,8,0.08,9735.14
124,9,0.09,10027.1
124,10,0.1,10312.9
124,11,0.11,10594.1
124,12,0.12,10871.4
124,13,0.13,11145.6
124,14,0.14,11417
124,15,0.15,11686.1
124,16,0.16,11953.1
124,17,0.17,12218
124,18,0.18,12481.2
124,19,0.19,12742.8
124,20,0.2,13002.7
125,0,0,0
125,1,0.01,4697.31
125,2,0.02,8780.44
125,3,0.03,9825.26
125,4,0.04,10462.8
125,5,0.05,10956.3
125,6,0.06,11380.6
125,7,0.07,11772.1
125,8,0.08,12139.6
125,9,0.09,12493.9
125,10,0.1,12839.3
125,11,0.11,13178
125,12,0.12,13511.5
125,13,0.13,13840.6
125,14,0.14,14166.2
125,15,0.15,14488.5
125,16,0.16,14808.1
125,17,0.17,15125.2
125,18,0.18,15440
125,19,0.19,15752.7
125,20,0.2,16063.4
126,0,0,0
126,1,0.01,4919.23
126,2,0.02,7536.57
126,3,0.03,7966.38
126,4,0.04,8161.15
126,5,0.05,8281.5
126,6,0.06,8381.09
126,7,0.07,8471.72
126,8,0.08,8557.41
126,9,0.09,8640.72
126,10,0.1,8720.75
126,11,0.11,8798.21
126,12,0.12,8873.44
126,13,0.13,8946.65
126,14,0.14,9018.06
126,15,0.15,9087.82
126,16,0.16,9156.09
126,17,0.17,9223
126,18,0.18,9288.68
126,19,0.19,9353.22
126,20,0.2,9416.72
127,0,0,0
127,1,0.01,5156.07
127,2,0.02,7269.15
127,3,0.03,7799.63
127,4,0.04,8169.8
127,5,0.05,8485.48
127,6,0.06,8780.84
127,7,0.07,9058.59
127,8,0.08,9326.9
127,9,0.09,9589.12
127,10,0.1,9846.69
127,11,0.11,10100.5
127,12,0.12,10351.3
127,13,0.13,10599.3
127,14,0.14,10845.1
127,15,0.15,11088.7
127,16,0.16,11330.4
127,17,0.17,11570.4
127,18,0.18,11808.7
127,19,0.19,12045.6
127,20,0.2,12281
128,0,0,0
128,1,0.01,4741.03
128,2,0.02,8003.13
128,3,0.03,8650.1
128,4,0.04,9012.51
128,5,0.05,9274.69
128,6,0.06,9500.08
128,7,0.07,9704.59
128,8,0.08,9898.47
128,9,0.09,10084.8
128,10,0.1,10265.3
128,11,0.11,10441.1
128,12,0.12,10613
128,13,0.13,10781.7
128,14,0.14,10947.7
128,15,0.15,11111.3
128,16,0.16,11272.8
128,17,0.17,11432.5
128,18,0.18,11590.5
128,19,0.19,11747
128,20,0.2,11902.1
129,0,0,0
129,1,0.01,4699.78
129,2,0.02,8464.94
129,3,0.03,9383.24
129,4,0.04,9963.14
129,5,0.05,10425.8
129,6,0.06,10835.4
129,7,0.07,11220.2
129,8,0.08,11585.5
129,9,0.09,11939.9
129,10,0.1,12286.9
129,11,0.11,12628.3
129,12,0.12,12965
129,13,0.13,13298
129,14,0.14,13627.7
129,15,0.15,13954.6
129,16,0.16,14278.8
129,17,0.17,14600.8
129,18,0.18,14920.5
129,19,0.19,15238.3
129,20,0.2,15554.2
130,0,0,0
130,1,0.01,4822.6
130,2,0.02,8015.32
130,3,0.03,8869.44
130,4,0.04,9477.5
130,5,0.05,9986.04
130,6,0.06,10452.5
130,7,0.07,10889
130,8,0.08,11310.9
130,9,0.09,11723.9
130,10,0.1,12130.3
130,11,0.11,12531.6
130,12,0.12,12928.8
130,13,0.13,13322.3
130,14,0.14,13712.8
130,15,0.15,14100.6
130,16,0.16,14485.8
130,17,0.17,14868.8
130,18,0.18,15249.6
130,19,0.19,15628.4
130,20,0.2,16005.3
131,0,0,0
131,1,0.01,5027.8
131,2,0.02,8786.2
131,3,0.03,9461.14
131,4,0.04,9762.2
131,5,0.05,9923.19
131,6,0.06,10034.9
131,7,0.07,10126.7
131,8,0.08,10212.6
131,9,0.09,10294.5
131,10,0.1,10373.5
131,11,0.11,10450
131,12,0.12,10524.2
131,13,0.13,10596.3
131,14,0.14,10666.6
131,15,0.15,10735.1
131,16,0.16,10802
131,17,0.17,10867.5
131,18,0.18,10931.6
131,19,0.19,10994.4
131,20,0.2,11056
132,0,0,0
132,1,0.01,4552.84
132,2,0.02,8621.06
132,3,0.03,9529.5
132,4,0.04,9981.88
132,5,0.05,10252.6
132,6,0.06,10440.4
132,7,0.07,10583.5
132,8,0.08,10712.3
132,9,0.09,10834
132,10,0.1,10950.5
132,11,0.11,11063
132,12,0.12,11171.9
132,13,0.13,11277.7
132,14,0.14,11380.8
132,15,0.15,11481.4
132,16,0.16,11579.9
132,17,0.17,11676.3
132,18,0.18,11771
132,19,0.19,11864
132,20,0.2,11955.5
133,0,0,0
133,1,0.01,4465.89
133,2,0.02,7266.99
133,3,0.03,8014.06
133,4,0.04,8553.37
133,5,0.05,9012.97
133,6,0.06,9439.65
133,7,0.07,9842.3
133,8,0.08,10233.2
133,9,0.09,10616.7
133,10,0.1,10994.6
133,11,0.11,11368.2
133,12,0.12,11738.2
133,13,0.13,12105.1
133,14,0.14,12469.2
133,15,0.15,12830.9
133,16,0.16,13190.4
133,17,0.17,13547.8
133,18,0.18,13903.3
133,19,0.19,14257
133,20,0.2,14608.9
134,0,0,0
134,1,0.01,4811.07
134,2,0.02,8042.76
134,3,0.03,8876.75
134,4,0.04,9463.27
134,5,0.05,9955.68
134,6,0.06,10409
134,7,0.07,10834.6
134,8,0.08,11246.4
134,9,0.09,11649.6
134,10,0.1,12046.4
134,11,0.11,12438.3
134,12,0.12,12826.1
134,13,0.13,13210.4
134,14,0.14,13591.7
134,15,0.15,13970.3
134,16,0.16,14346.4
134,17,0.17,14720.2
134,18,0.18,15092
134,19,0.19,15461.7
134,20,0.2,15829.6
135,0,0,0
135,1,0.01,4210.35
135,2,0.02,7739.92
135,3,0.03,8702.19
135,4,0.04,9357.69
135,5,0.05,9888.38
135,6,0.06,10353.1
135,7,0.07,10785.7
135,8,0.08,11194.4
135,9,0.09,11590.2
135,10,0.1,11977.6
135,11,0.11,12358.8
135,12,0.12,12735.1
135,13,0.13,13107.5
135,14,0.14,13476.5
135,15,0.15,13842.6
135,16,0.16,14206
135,17,0.17,14567
135,18,0.18,14925.9
135,19,0.19,15282.7
135,20,0.2,15637.6
136,0,0,0
136,1,0.01,4747.39
136,2,0.02,7539.39
136,3,0.03,8044.24
136,4,0.04,8323.78
136,5,0.05,8532.51
136,6,0.06,8714.8
136,7,0.07,8885.92
136,8,0.08,9047.38
136,9,0.09,9202.49
136,10,0.1,9352.78
136,11,0.11,9499.1
136,12,0.12,9642.12
136,13,0.13,9782.35
136,14,0.14,9920.21
136,15,0.15,10056
136,16,0.16,10190
136,17,0.17,10322.4
136,18,0.18,10453.3
136,19,0.19,10582.8
136,20,0.2,10711.2
137,0,0,0
137,1,0.01,4636.7
137,2,0.02,7361.78
137,3,0.03,7843.77
137,4,0.04,8096.55
137,5,0.05,8275.23
137,6,0.06,8429.97
137,7,0.07,8571.53
137,8,0.08,8705.98
137,9,0.09,8835.11
137,10,0.1,8959.9
137,11,0.11,9081.06
137,12,0.12,9199.14
137,13,0.13,9314.59
137,14,0.14,9427.76
137,15,0.15,9538.95
137,16,0.16,9648.4
137,17,0.17,9756.3
137,18,0.18,9862.81
137,19,0.19,9968.05
137,20,0.2,10072.1
138,0,0,0
138,1,0.01,5411.18
138,2,0.02,8094.14
138,3,0.03,8576.95
138,4,0.04,8844.69
138,5,0.05,9049.12
138,6,0.06,9226.14
138,7,0.07,9395.15
138,8,0.08,9554.93
138,9,0.09,9708.46
138,10,0.1,9857.15
138,11,0.11,10001.8
138,12,0.12,10143.1
138,13,0.13,10281.6
138,14,0.14,10417.6
138,15,0.15,10551.4
138,16,0.16,10683.4
138,17,0.17,10813.8
138,18,0.18,10942.6
138,19,0.19,11070
138,20,0.2,11196.2
139,0,0,0
139,1,0.01,4392.08
139,2,0.02,7523.75
139,3,0.03,8373.27
139,4,0.04,8976.67
139,5,0.05,9475.92
139,6,0.06,9924.51
139,7,0.07,10349.5
139,8,0.08,10755.6
139,9,0.09,11151.7
139,10,0.1,11541
139,11,0.11,11925.2
139,12,0.12,12305.3
139,13,0.13,12681.8
139,14,0.14,13055.3
139,15,0.15,13426.2
139,16,0.16,13794.6
139,17,0.17,14160.8
139,18,0.18,14525
139,19,0.19,14887.2
139,20,0.2,15247.6
140,0,0,0
140,1,0.01,5199
140,2,0.02,7956.56
140,3,0.03,8762.86
140,4,0.04,9367.32
140,5,0.05,9891.95
140,6,0.06,10384.3
140,7,0.07,10851.8
140,8,0.08,11307.5
140,9,0.09,11755.6
140,10,0.1,12198.1
140,11,0.11,12636
140,12,0.12,13070
140,13,0.13,13500.6
140,14,0.14,13928.4
140,15,0.15,14353.4
140,16,0.16,14776
140,17,0.17,15196.4
140,18,0.18,15614.6
140,19,0.19,16030.8
140,20,0.2,16445
141,0,0,0
141,1,0.01,5351.34
141,2,0.02,7660.8
141,3,0.03,8039.29
141,4,0.04,8237.08
141,5,0.05,8387.12
141,6,0.06,8519.08
141,7,0.07,8643.2
141,8,0.08,8761.74
141,9,0.09,8874.86
141,10,0.1,8985.92
141,11,0.11,9093.02
141,12,0.12,9197.19
141,13,0.13,9298.95
141,14,0.14,9398.59
141,15,0.15,9496.36
141,16,0.16,9592.49
141,17,0.17,9687.13
141,18,0.18,9780.45
141,19,0.19,9872.56
141,20,0.2,9963.56
142,0,0,0
142,1,0.01,4595.61
142,2,0.02,8618.58
142,3,0.03,9536.6
142,4,0.04,10011.2
142,5,0.05,10345.1
142,6,0.06,10622.2
142,7,0.07,10867.7
142,8,0.08,11098
142,9,0.09,11317.1
142,10,0.1,11531.4
142,11,0.11,11738.8
142,12,0.12,11941.4
142,13,0.13,12140.1
142,14,0.14,12335.6
142,15,0.15,12528.2
142,16,0.16,12718.4
142,17,0.17,12906.4
142,18,0.18,13092.4
142,19,0.19,13276.7
142,20,0.2,13459.3
143,0,0,0
143,1,0.01,4910.03
143,2,0.02,8161.57
143,3,0.03,8922.07
143,4,0.04,9403.84
143,5,0.05,9768.72
143,6,0.06,10087.1
143,7,0.07,10376.2
143,8,0.08,10650.9
143,9,0.09,10916.3
143,10,0.1,11174.6
143,11,0.11,11427.6
143,12,0.12,11676.3
143,13,0.13,11921.5
143,14,0.14,12163.7
143,15,0.15,12403.2
143,16,0.16,12640.4
143,17,0.17,12875.5
143,18,0.18,13108.8
143,19,0.19,13340.2
143,20,0.2,13570.1
144,0,0,0
144,1,0.01,5222.76
144,2,0.02,7826.23
144,3,0.03,8386.75
144,4,0.04,8759.91
144,5,0.05,9070.67
144,6,0.06,9358.07
144,7,0.07,9627.58
144,8,0.08,9886.61
144,9,0.09,10138.8
144,10,0.1,10385.8
144,11,0.11,10628.7
144,12,0.12,10868.2
144,13,0.13,11104.9
144,14,0.14,11339
144,15,0.15,11570.9
144,16,0.16,11800.8
144,17,0.17,12028.9
144,18,0.18,12255.2
144,19,0.19,12480
144,20,0.2,12703.4
145,0,0,0
145,1,0.01,5394.05
145,2,0.02,7714.03
145,3,0.03,8339.61
145,4,0.04,8788.08
145,5,0.05,9173.43
145,6,0.06,9534.92
145,7,0.07,9876.02
145,8,0.08,10206.8
145,9,0.09,10530.9
145,10,0.1,10850
145,11,0.11,11165.1
145,12,0.12,11476.7
145,13,0.13,11785.4
145,14,0.14,12091.5
145,15,0.15,12395.3
145,16,0.16,12696.9
145,17,0.17,12996.6
145,18,0.18,13294.5
145,19,0.19,13590.6
145,20,0.2,13885.1
146,0,0,0
146,1,0.01,4888.82
146,2,0.02,9011.26
146,3,0.03,10074.6
146,4,0.04,10753.3
146,5,0.05,11289.7
146,6,0.06,11762.1
146,7,0.07,12192.5
146,8,0.08,12602.1
146,9,0.09,12999
146,10,0.1,13386.9
146,11,0.11,13768
146,12,0.12,14143.8
146,13,0.13,14515.2
146,14,0.14,14882.9
146,15,0.15,15247.4
146,16,0.16,15609
146,17,0.17,15968
146,18,0.18,16324.5
146,19,0.19,16678.9
146,20,0.2,17031.2
147,0,0,0
147,1,0.01,5035.19
147,2,0.02,8744.04
147,3,0.03,9741.49
147,4,0.04,10441.6
147,5,0.05,11011.6
147,6,0.06,11517.1
147,7,0.07,11992.6
147,8,0.08,12444.5
147,9,0.09,12883.7
147,10,0.1,13314.7
147,11,0.11,13739.4
147,12,0.12,14159.1
147,13,0.13,14574.6
147,14,0.14,14986.5
147,15,0.15,15395.3
147,16,0.16,15801.3
147,17,0.17,16204.7
147,18,0.18,16605.7
147,19,0.19,17004.4
147,20,0.2,17401.1
148,0,0,0
148,1,0.01,4381.87
148,2,0.02,8485.67
148,3,0.03,9520.34
148,4,0.04,9956.45
148,5,0.05,10217.9
148,6,0.06,10405.9
148,7,0.07,10556.3
148,8,0.08,10692
148,9,0.09,10822
148,10,0.1,10945.7
148,11,0.11,11065.1
148,12,0.12,11180.8
148,13,0.13,11293.3
148,14,0.14,11403
148,15,0.15,11510.1
148,16,0.16,11615.1
148,17,0.17,11718
148,18,0.18,11819.1
148,19,0.19,11918.5
148,20,0.2,12016.5
149,0,0,0
149,1,0.01,4726.65
149,2,0.02,8317.01
149,3,0.03,9238.5
149,4,0.04,9865.21
149,5,0.05,10386.5
149,6,0.06,10863.1
149,7,0.07,11309.2
149,8,0.08,11739.8
149,9,0.09,12160.9
149,10,0.1,12575.1
149,11,0.11,12983.8
149,12,0.12,13388.1
149,13,0.13,13788.7
149,14,0.14,14186.1
149,15,0.15,14580.6
149,16,0.16,14972.5
149,17,0.17,15362
149,18,0.18,15749.3
149,19,0.19,16134.5
149,20,0.2,16517.8
150,0,0,0
150,1,0.01,5308.09
150,2,0.02,8616.77
150,3,0.03,9375.19
150,4,0.04,9874.92
150,5,0.05,10279.9
150,6,0.06,10648.4
150,7,0.07,10991.3
150,8,0.08,11320.7
150,9,0.09,11641.2
150,10,0.1,11955.3
150,11,0.11,12264.4
150,12,0.12,12569.3
150,13,0.13,12870.7
150,14,0.14,13169.1
150,15,0.15,13464.8
150,16,0.16,13758.1
150,17,0.17,14049.3
150,18,0.18,14338.4
150,19,0.19,14625.6
150,20,0.2,14911.1
151,0,0,0
151,1,0.01,4924.95
151,2,0.02,7570.4
151,3,0.03,8085.01
151,4,0.04,8360.86
151,5,0.05,8552.75
151,6,0.06,8717.82
151,7,0.07,8868.28
151,8,0.08,9011.21
151,9,0.09,9148.49
151,10,0.1,9281.16
151,11,0.11,9409.98
151,12,0.12,9535.52
151,13,0.13,9658.28
151,14,0.14,9778.65
151,15,0.15,9896.93
151,16,0.16,10013.4
151,17,0.17,10128.2
151,18,0.18,10241.6
151,19,0.19,10353.7
151,20,0.2,10464.5
152,0,0,0
152,1,0.01,4950.16
152,2,0.02,8135.76
152,3,0.03,9036.82
152,4,0.04,9697.9
152,5,0.05,10256.1
152,6,0.06,10770.1
152,7,0.07,11252.6
152,8,0.08,11719.9
152,9,0.09,12178
152,10,0.1,12629.3
152,11,0.11,13075.4
152,12,0.12,13517.1
152,13,0.13,13955.2
152,14,0.14,14390.1
152,15,0.15,14822.2
152,16,0.16,15251.6
152,17,0.17,15678.7
152,18,0.18,16103.5
152,19,0.19,16526.1
152,20,0.2,16946.8
153,0,0,0
153,1,0.01,4335.78
153,2,0.02,6891.46
153,3,0.03,7417.06
153,4,0.04,7706.05
153,5,0.05,7901.38
153,6,0.06,8064.8
153,7,0.07,8211.42
153,8,0.08,8350.19
153,9,0.09,8483.33
153,10,0.1,8611.92
153,11,0.11,8736.74
153,12,0.12,8858.38
153,13,0.13,8977.31
153,14,0.14,9093.94
153,15,0.15,9208.57
153,16,0.16,9321.45
153,17,0.17,9432.78
153,18,0.18,9542.73
153,19,0.19,9651.42
153,20,0.2,9758.96
154,0,0,0
154,1,0.01,5012.72
154,2,0.02,7079.38
154,3,0.03,7569.09
154,4,0.04,7884.34
154,5,0.05,8141.21
154,6,0.06,8377.99
154,7,0.07,8598.61
154,8,0.08,8810.11
154,9,0.09,9015.4
154,10,0.1,9215.95
154,11,0.11,9412.76
154,12,0.12,9606.49
154,13,0.13,9797.65
154,14,0.14,9986.58
154,15,0.15,10173.5
154,16,0.16,10358.7
154,17,0.17,10542.3
154,18,0.18,10724.4
154,19,0.19,10905.1
154,20,0.2,11084.5
155,0,0,0
155,1,0.01,5025.84
155,2,0.02,7705.32
155,3,0.03,8258.91
155,4,0.04,8612.97
155,5,0.05,8901.07
155,6,0.06,9165
155,7,0.07,9411
155,8,0.08,9646.86
155,9,0.09,9875.79
155,10,0.1,10099.5
155,11,0.11,10319
155,12,0.12,10535.2
155,13,0.13,10748.5
155,14,0.14,10959.3
155,15,0.15,11167.9
155,16,0.16,11374.6
155,17,0.17,11579.5
155,18,0.18,11782.8
155,19,0.19,11984.5
155,20,0.2,12184.8
156,0,0,0
156,1,0.01,4503.97
156,2,0.02,7791.09
156,3,0.03,8425.66
156,4,0.04,8739.62
156,5,0.05,8920.71
156,6,0.06,9053.06
156,7,0.07,9162.13
156,8,0.08,9266.14
156,9,0.09,9364.61
156,10,0.1,9459.3
156,11,0.11,9550.88
156,12,0.12,9639.72
156,13,0.13,9726.12
156,14,0.14,9810.33
156,15,0.15,9892.58
156,16,0.16,9973.04
156,17,0.17,10051.9
156,18,0.18,10129.3
156,19,0.19,10205.4
156,20,0.2,10280.2
157,0,0,0
157,1,0.01,4610.28
157,2,0.02,8200.55
157,3,0.03,8850.46
157,4,0.04,9134.5
157,5,0.05,9283.56
157,6,0.06,9384.84
157,7,0.07,9466.42
157,8,0.08,9542.36
157,9,0.09,9614.84
157,10,0.1,9684.62
157,11,0.11,9752.19
157,12,0.12,9817.74
157,13,0.13,9881.48
157,14,0.14,9943.56
157,15,0.15,10004.1
157,16,0.16,10063.2
157,17,0.17,10121
157,18,0.18,10177.6
157,19,0.19,10233
157,20,0.2,10287.4
158,0,0,0
158,1,0.01,5330.07
158,2,0.02,9202.97
158,3,0.03,10106.4
158,4,0.04,10687.3
158,5,0.05,11151.8
158,6,0.06,11569.4
158,7,0.07,11955.6
158,8,0.08,12325.7
158,9,0.09,12685.4
158,10,0.1,13037.6
158,11,0.11,13384
158,12,0.12,13725.7
158,13,0.13,14063.4
158,14,0.14,14397.7
158,15,0.15,14729.1
158,16,0.16,15057.8
158,17,0.17,15384
158,18,0.18,15708
158,19,0.19,16029.9
158,20,0.2,16349.9
159,0,0,0
159,1,0.01,4594.67
159,2,0.02,7865.89
159,3,0.03,8507.75
159,4,0.04,8833.2
159,5,0.05,9024.8
159,6,0.06,9164.44
159,7,0.07,9286.16
159,8,0.08,9398.06
159,9,0.09,9504.8
159,10,0.1,9607.58
159,11,0.11,9706.96
159,12,0.12,9803.39
159,13,0.13,9897.2
159,14,0.14,9988.69
159,15,0.15,10078.1
159,16,0.16,10165.6
159,17,0.17,10251.5
159,18,0.18,10335.8
159,19,0.19,10418.7
159,20,0.2,10500.4
160,0,0,0
160,1,0.01,4445.76
160,2,0.02,7124.62
160,3,0.03,7692.96
160,4,0.04,8012.49
160,5,0.05,8228.88
160,6,0.06,8409
160,7,0.07,8569.79
160,8,0.08,8721.76
160,9,0.09,8867.53
160,10,0.1,9008.36
160,11,0.11,9145.09
160,12,0.12,9278.39
160,13,0.13,9408.82
160,14,0.14,9536.79
160,15,0.15,9662.63
160,16,0.16,9786.63
160,17,0.17,9909
160,18,0.18,10029.9
160,19,0.19,10149.5
160,20,0.2,10267.8
161,0,0,0
161,1,0.01,4576.5
161,2,0.02,7797.95
161,3,0.03,8606.73
161,4,0.04,9150.81
161,5,0.05,9586.17
161,6,0.06,9971
161,7,0.07,10333.1
161,8,0.08,10676.6
161,9,0.09,11010
161,10,0.1,11336.5
161,11,0.11,11657.9
161,12,0.12,11975
161,13,0.13,12288.6
161,14,0.14,12599.3
161,15,0.15,12907.3
161,16,0.16,13212.9
161,17,0.17,13516.4
161,18,0.18,13817.9
161,19,0.19,14117.5
161,20,0.2,14415.5
162,0,0,0
162,1,0.01,4679.27
162,2,0.02,8202.74
162,3,0.03,9060.64
162,4,0.04,9627.14
162,5,0.05,10094.3
162,6,0.06,10520.5
162,7,0.07,10918.8
162,8,0.08,11302.8
162,9,0.09,11677.7
162,10,0.1,12046.1
162,11,0.11,12409.3
162,12,0.12,12768.3
162,13,0.13,13123.7
162,14,0.14,13476.1
162,15,0.15,13825.7
162,16,0.16,14172.9
162,17,0.17,14517.8
162,18,0.18,14860.6
162,19,0.19,15201.5
162,20,0.2,15540.4
163,0,0,0
163,1,0.01,4893.16
163,2,0.02,7729.8
163,3,0.03,8488.01
163,4,0.04,9028.59
163,5,0.05,9482.47
163,6,0.06,9901.49
163,7,0.07,10294.7
163,8,0.08,10675.2
163,9,0.09,11047.8
163,10,0.1,11414.5
163,11,0.11,11776.7
163,12,0.12,12135
163,13,0.13,12490.1
163,14,0.14,12842.3
163,15,0.15,13192
163,16,0.16,13539.3
163,17,0.17,13884.6
163,18,0.18,14227.8
163,19,0.19,14569.2
163,20,0.2,14908.9
164,0,0,0
164,1,0.01,5106.24
164,2,0.02,7797.05
164,3,0.03,8589.19
164,4,0.04,9198.06
164,5,0.05,9737.33
164,6,0.06,10248.1
164,7,0.07,10737
164,8,0.08,11215.4
164,9,0.09,11686.9
164,10,0.1,12153
164,11,0.11,12614.7
164,12,0.12,13072.8
164,13,0.13,13527.6
164,14,0.14,13979.5
164,15,0.15,14428.8
164,16,0.16,14875.7
164,17,0.17,15320.3
164,18,0.18,15762.8
164,19,0.19,16203.2
164,20,0.2,16641.7
165,0,0,0
165,1,0.01,4678.48
165,2,0.02,8606.23
165,3,0.03,9422.31
165,4,0.04,9830.22
165,5,0.05,10101
165,6,0.06,10316.7
165,7,0.07,10509.7
165,8,0.08,10688.4
165,9,0.09,10858.9
165,10,0.1,11023.2
165,11,0.11,11182.5
165,12,0.12,11337.5
165,13,0.13,11489.1
165,14,0.14,11637.5
165,15,0.15,11783.3
165,16,0.16,11926.8
165,17,0.17,12068.2
165,18,0.18,12207.8
165,19,0.19,12345.8
165,20,0.2,12482.2
166,0,0,0
166,1,0.01,4712.86
166,2,0.02,7150.16
166,3,0.03,7924.27
166,4,0.04,8517.43
166,5,0.05,9033.63
166,6,0.06,9518.53
166,7,0.07,9979.53
166,8,0.08,10429.3
166,9,0.09,10872.2
166,10,0.1,11309.7
166,11,0.11,11743
166,12,0.12,12172.8
166,13,0.13,12599.5
166,14,0.14,13023.4
166,15,0.15,13444.9
166,16,0.16,13864.1
166,17,0.17,14281.1
166,18,0.18,14696.2
166,19,0.19,15109.3
166,20,0.2,15520.6
167,0,0,0
167,1,0.01,4675.46
167,2,0.02,8370.42
167,3,0.03,9152.64
167,4,0.04,9594.49
167,5,0.05,9928.37
167,6,0.06,10217.5
167,7,0.07,10486.7
167,8,0.08,10740.3
167,9,0.09,10984.5
167,10,0.1,11222.1
167,11,0.11,11454.4
167,12,0.12,11682.5
167,13,0.13,11907.1
167,14,0.14,12128.7
167,15,0.15,12347.8
167,16,0.16,12564.5
167,17,0.17,12779.2
167,18,0.18,12992
167,19,0.19,13203.1
167,20,0.2,13412.6
168,0,0,0
168,1,0.01,4697.59
168,2,0.02,7064.51
168,3,0.03,7542.88
168,4,0.04,7794.15
168,5,0.05,7963
168,6,0.06,8106.55
168,7,0.07,8236.9
168,8,0.08,8360.69
168,9,0.09,8479.56
168,10,0.1,8594.35
168,11,0.11,8705.69
168,12,0.12,8814.07
168,13,0.13,8919.91
168,14,0.14,9023.53
168,15,0.15,9125.24
168,16,0.16,9225.25
168,17,0.17,9323.77
168,18,0.18,9420.93
168,19,0.19,9516.89
168,20,0.2,9611.73
169,0,0,0
169,1,0.01,4802.73
169,2,0.02,8874.72
169,3,0.03,9734.16
169,4,0.04,10164.6
169,5,0.05,10434.2
169,6,0.06,10636.9
169,7,0.07,10805.8
169,8,0.08,10962.2
169,9,0.09,11111.1
169,10,0.1,11254.1
169,11,0.11,11392.3
169,12,0.12,11526.6
169,13,0.13,11657.3
169,14,0.14,11784.9
169,15,0.15,11909.9
169,16,0.16,12032.5
169,17,0.17,12153
169,18,0.18,12271.6
169,19,0.19,12388.6
169,20,0.2,12503.9
170,0,0,0
170,1,0.01,5021.42
170,2,0.02,7825.3
170,3,0.03,8526.68
170,4,0.04,9030.21
170,5,0.05,9463.05
170,6,0.06,9867.48
170,7,0.07,10250.1
170,8,0.08,10621.8
170,9,0.09,10986.4
170,10,0.1,11345.6
170,11,0.11,11700.5
170,12,0.12,12051.8
170,13,0.13,12400
170,14,0.14,12745.4
170,15,0.15,13088.3
170,16,0.16,13429
170,17,0.17,13767.6
170,18,0.18,14104.3
170,19,0.19,14439.2
170,20,0.2,14772.3
171,0,0,0
171,1,0.01,4464.27
171,2,0.02,7297.95
171,3,0.03,7892.25
171,4,0.04,8238.1
171,5,0.05,8488.03
171,6,0.06,8703.19
171,7,0.07,8898.16
171,8,0.08,9082.95
171,9,0.09,9260.7
171,10,0.1,9432.97
171,11,0.11,9600.83
171,12,0.12,9765.11
171,13,0.13,9926.39
171,14,0.14,10085.2
171,15,0.15,10241.7
171,16,0.16,10396.4
171,17,0.17,10549.4
171,18,0.18,10700.8
171,19,0.19,10850.8
171,20,0.2,10999.5
172,0,0,0
172,1,0.01,5192.46
172,2,0.02,9003.57
172,3,0.03,9693.47
172,4,0.04,10034.8
172,5,0.05,10263.7
172,6,0.06,10453.6
172,7,0.07,10624.1
172,8,0.08,10784.9
172,9,0.09,10938.9
172,10,0.1,11087.5
172,11,0.11,11231.5
172,12,0.12,11371.7
172,13,0.13,11508.6
172,14,0.14,11642.5
172,15,0.15,11774
172,16,0.16,11903.3
172,17,0.17,12030.6
172,18,0.18,12156.2
172,19,0.19,12280.1
172,20,0.2,12402.6
173,0,0,0
173,1,0.01,4322.81
173,2,0.02,8329.71
173,3,0.03,9304.88
173,4,0.04,9781.77
173,5,0.05,10077.8
173,6,0.06,10287.8
173,7,0.07,10448.6
173,8,0.08,10592.5
173,9,0.09,10727.9
173,10,0.1,10857.4
173,11,0.11,10982.2
173,12,0.12,11103.1
173,13,0.13,11220.7
173,14,0.14,11335.3
173,15,0.15,11447.2
173,16,0.16,11556.8
173,17,0.17,11664.3
173,18,0.18,11769.9
173,19,0.19,11873.9
173,20,0.2,11976.3
174,0,0,0
174,1,0.01,4806.04
174,2,0.02,8607.68
174,3,0.03,9453.97
174,4,0.04,9941.81
174,5,0.05,10281.5
174,6,0.06,10558.5
174,7,0.07,10800
174,8,0.08,11026
174,9,0.09,11242.2
174,10,0.1,11451
174,11,0.11,11653.9
174,12,0.12,11852
174,13,0.13,12046.2
174,14,0.14,12237
174,15,0.15,12425
174,16,0.16,12610.5
174,17,0.17,12793.8
174,18,0.18,12975.1
174,19,0.19,13154.7
174,20,0.2,13332.6
175,0,0,0
175,1,0.01,4467.12
175,2,0.02,8219.75
175,3,0.03,9145.59
175,4,0.04,9713.59
175,5,0.05,10149.1
175,6,0.06,10522.2
175,7,0.07,10866.5
175,8,0.08,11189.5
175,9,0.09,11500.6
175,10,0.1,11803.7
175,11,0.11,12100.7
175,12,0.12,12392.9
175,13,0.13,12681.2
175,14,0.14,12966.2
175,15,0.15,13248.3
175,16,0.16,13527.9
175,17,0.17,13805.2
175,18,0.18,14080.4
175,19,0.19,14353.6
175,20,0.2,14625.1
176,0,0,0
176,1,0.01,4868
176,2,0.02,6949.53
176,3,0.03,7296.18
176,4,0.04,7446.28
176,5,0.05,7541.93
176,6,0.06,7618.95
176,7,0.07,7691.79
176,8,0.08,7761.49
176,9,0.09,7828.61
176,10,0.1,7893.48
176,11,0.11,7956.35
176,12,0.12,8017.41
176,13,0.13,8076.84
176,14,0.14,8134.77
176,15,0.15,8191.34
176,16,0.16,8246.66
176,17,0.17,8300.83
176,18,0.18,8353.95
176,19,0.19,8406.1
176,20,0.2,8457.36
177,0,0,0
177,1,0.01,5170.01
177,2,0.02,7369.51
177,3,0.03,7924.08
177,4,0.04,8312.85
177,5,0.05,8644.54
177,6,0.06,8954.79
177,7,0.07,9246.71
177,8,0.08,9528.92
177,9,0.09,9804.89
177,10,0.1,10076.1
177,11,0.11,10343.5
177,12,0.12,10607.7
177,13,0.13,10869.2
177,14,0.14,11128.3
177,15,0.15,11385.2
177,16,0.16,11640.2
177,17,0.17,11893.3
177,18,0.18,12144.8
177,19,0.19,12394.8
177,20,0.2,12643.2
178,0,0,0
178,1,0.01,5287.73
178,2,0.02,7396.24
178,3,0.03,7730.8
178,4,0.04,7893.21
178,5,0.05,8012.19
178,6,0.06,8116.17
178,7,0.07,8213.49
178,8,0.08,8307.9
178,9,0.09,8398.13
178,10,0.1,8485.28
178,11,0.11,8569.82
178,12,0.12,8651.97
178,13,0.13,8732.03
178,14,0.14,8810.23
178,15,0.15,8886.78
178,16,0.16,8961.84
178,17,0.17,9035.56
178,18,0.18,9108.06
178,19,0.19,9179.46
178,20,0.2,9249.84
179,0,0,0
179,1,0.01,4984.41
179,2,0.02,7807.15
179,3,0.03,8480.59
179,4,0.04,8917
179,5,0.05,9259.79
179,6,0.06,9563.67
179,7,0.07,9850.93
179,8,0.08,10122.8
179,9,0.09,10386
179,10,0.1,10643.2
179,11,0.11,10895.6
179,12,0.12,11144.3
179,13,0.13,11389.8
179,14,0.14,11632.5
179,15,0.15,11872.8
179,16,0.16,12111
179,17,0.17,12347.3
179,18,0.18,12581.8
179,19,0.19,12814.6
179,20,0.2,13045.8
180,0,0,0
180,1,0.01,4415.32
180,2,0.02,8018.42
180,3,0.03,8907.44
180,4,0.04,9469.31
180,5,0.05,9896.48
180,6,0.06,10262.3
180,7,0.07,10589.1
180,8,0.08,10897.5
180,9,0.09,11194.6
180,10,0.1,11483.6
180,11,0.11,11766.4
180,12,0.12,12044.5
180,13,0.13,12318.6
180,14,0.14,12589.4
180,15,0.15,12857.4
180,16,0.16,13122.8
180,17,0.17,13386.1
180,18,0.18,13647.3
180,19,0.19,13906.6
180,20,0.2,14164.1
181,0,0,0
181,1,0.01,5175.98
181,2,0.02,7403.61
181,3,0.03,7851.37
181,4,0.04,8110.72
181,5,0.05,8314.91
181,6,0.06,8494.21
181,7,0.07,8662.89
181,8,0.08,8824.15
181,9,0.09,8979.65
181,10,0.1,9130.5
181,11,0.11,9277.56
181,12,0.12,9421.48
181,13,0.13,9562.77
181,14,0.14,9701.81
181,15,0.15,9838.89
181,16,0.16,9974.24
181,17,0.17,10108
181,18,0.18,10240.4
181,19,0.19,10371.6
181,20,0.2,10501.5
182,0,0,0
182,1,0.01,4753.58
182,2,0.02,7428.83
182,3,0.03,7871.54
182,4,0.04,8083.78
182,5,0.05,8223.95
182,6,0.06,8342.62
182,7,0.07,8450.91
182,8,0.08,8553.77
182,9,0.09,8652.56
182,10,0.1,8747.9
182,11,0.11,8840.27
182,12,0.12,8930.03
182,13,0.13,9017.5
182,14,0.14,9102.94
182,15,0.15,9186.57
182,16,0.16,9268.59
182,17,0.17,9349.15
182,18,0.18,9428.39
182,19,0.19,9506.45
182,20,0.2,9583.41
183,0,0,0
183,1,0.01,4961.65
183,2,0.02,8966.93
183,3,0.03,9954.99
183,4,0.04,10581.2
183,5,0.05,11084.3
183,6,0.06,11535.1
183,7,0.07,11951.9
183,8,0.08,12351.2
183,9,0.09,12739.5
183,10,0.1,13119.9
183,11,0.11,13494.3
183,12,0.12,13863.8
183,13,0.13,14229.3
183,14,0.14,14591.4
183,15,0.15,14950.4
183,16,0.16,15306.6
183,17,0.17,15660.3
183,18,0.18,16011.8
183,19,0.19,16361.1
183,20,0.2,16708.3
184,0,0,0
184,1,0.01,5088.01
184,2,0.02,7636.82
184,3,0.03,8203.37
184,4,0.04,8574.75
184,5,0.05,8878.72
184,6,0.06,9158.22
184,7,0.07,9419
184,8,0.08,9669.42
184,9,0.09,9912.9
184,10,0.1,10151.1
184,11,0.11,10385.3
184,12,0.12,10616
184,13,0.13,10843.9
184,14,0.14,11069.2
184,15,0.15,11292.4
184,16,0.16,11513.6
184,17,0.17,11733
184,18,0.18,11950.8
184,19,0.19,12167
184,20,0.2,12381.7
185,0,0,0
185,1,0.01,4508.69
185,2,0.02,7490.68
185,3,0.03,8247.64
185,4,0.04,8757.47
185,5,0.05,9157.65
185,6,0.06,9507.46
185,7,0.07,9835.36
185,8,0.08,10145.1
185,9,0.09,10444.9
185,10,0.1,10738.1
185,11,0.11,11026.2
185,12,0.12,11310.3
185,13,0.13,11591
185,14,0.14,11868.9
185,15,0.15,12144.2
185,16,0.16,12417.3
185,17,0.17,12688.3
185,18,0.18,12957.5
185,19,0.19,13224.9
185,20,0.2,13490.7
186,0,0,0
186,1,0.01,4453.56
186,2,0.02,7623.83
186,3,0.03,8383.8
186,4,0.04,8882.58
186,5,0.05,9282.46
186,6,0.06,9641.58
186,7,0.07,9973.46
186,8,0.08,10291.5
186,9,0.09,10600.8
186,10,0.1,10903.7
186,11,0.11,11201.8
186,12,0.12,11495.8
186,13,0.13,11786.6
186,14,0.14,12074.5
186,15,0.15,12360
186,16,0.16,12643.1
186,17,0.17,12924.2
186,18,0.18,13203.5
186,19,0.19,13481
186,20,0.2,13756.8
187,0,0,0
187,1,0.01,5279.47
187,2,0.02,8545.91
187,3,0.03,9341.52
187,4,0.04,9877.45
187,5,0.05,10313
187,6,0.06,10708.6
187,7,0.07,11076.2
187,8,0.08,11429.4
187,9,0.09,11773.7
187,10,0.1,12111.2
187,11,0.11,12443.6
187,12,0.12,12771.8
187,13,0.13,13096.3
187,14,0.14,13417.8
187,15,0.15,13736.6
187,16,0.16,14052.9
187,17,0.17,14367
187,18,0.18,14679
187,19,0.19,14989.1
187,20,0.2,15297.3
188,0,0,0
188,1,0.01,4798.61
188,2,0.02,8188.49
188,3,0.03,9028.44
188,4,0.04,9594.06
188,5,0.05,10053.7
188,6,0.06,10469.3
188,7,0.07,10854.9
188,8,0.08,11225.4
188,9,0.09,11586.5
188,10,0.1,11940.7
188,11,0.11,12289.6
188,12,0.12,12634.3
188,13,0.13,12975.4
188,14,0.14,13313.4
188,15,0.15,13648.6
188,16,0.16,13981.4
188,17,0.17,14311.9
188,18,0.18,14640.3
188,19,0.19,14966.8
188,20,0.2,15291.5
189,0,0,0
189,1,0.01,4452.83
189,2,0.02,8304
189,3,0.03,9380.56
189,4,0.04,10104.8
189,5,0.05,10699
189,6,0.06,11230.6
189,7,0.07,11719.6
189,8,0.08,12187.4
189,9,0.09,12642.5
189,10,0.1,13088.7
189,11,0.11,13528.3
189,12,0.12,13962.8
189,13,0.13,14393
189,14,0.14,14819.5
189,15,0.15,15242.9
189,16,0.16,15663.4
189,17,0.17,16081.3
189,18,0.18,16496.9
189,19,0.19,16910.2
189,20,0.2,17321.3
190,0,0,0
190,1,0.01,4876.48
190,2,0.02,7945.92
190,3,0.03,8534.14
190,4,0.04,8873.1
190,5,0.05,9130.74
190,6,0.06,9358.74
190,7,0.07,9568.51
190,8,0.08,9768.24
190,9,0.09,9960.78
190,10,0.1,10147.7
190,11,0.11,10330.2
190,12,0.12,10509.1
190,13,0.13,10684.9
190,14,0.14,10858.1
190,15,0.15,11029
190,16,0.16,11197.9
190,17,0.17,11365.1
190,18,0.18,11530.6
190,19,0.19,11694.7
190,20,0.2,11857.3
191,0,0,0
191,1,0.01,4804.63
191,2,0.02,7242.8
191,3,0.03,7773.5
191,4,0.04,8125.97
191,5,0.05,8418.29
191,6,0.06,8688.31
191,7,0.07,8940.93
191,8,0.08,9183.89
191,9,0.09,9420.42
191,10,0.1,9652.1
191,11,0.11,9879.92
191,12,0.12,10104.6
191,13,0.13,10326.5
191,14,0.14,10546.2
191,15,0.15,10763.7
191,16,0.16,10979.4
191,17,0.17,11193.3
191,18,0.18,11405.7
191,19,0.19,11616.6
191,20,0.2,11826.1
192,0,0,0
192,1,0.01,4876.31
192,2,0.02,8224.6
192,3,0.03,9083.23
192,4,0.04,9674.43
192,5,0.05,10157.9
192,6,0.06,10591.3
192,7,0.07,11001.9
192,8,0.08,11393.6
192,9,0.09,11775
192,10,0.1,12149.5
192,11,0.11,12518.6
192,12,0.12,12883.4
192,13,0.13,13244.6
192,14,0.14,13602.6
192,15,0.15,13957.9
192,16,0.16,14310.6
192,17,0.17,14661
192,18,0.18,15009.3
192,19,0.19,15355.5
192,20,0.2,15700
193,0,0,0
193,1,0.01,4549.57
193,2,0.02,8755.19
193,3,0.03,9952.32
193,4,0.04,10602.2
193,5,0.05,11104.9
193,6,0.06,11539.4
193,7,0.07,11941.3
193,8,0.08,12319.6
193,9,0.09,12684.8
193,10,0.1,13041
193,11,0.11,13390.5
193,12,0.12,13734.7
193,13,0.13,14074.5
193,14,0.14,14410.7
193,15,0.15,14743.7
193,16,0.16,15073.9
193,17,0.17,15401.5
193,18,0.18,15726.9
193,19,0.19,16050
193,20,0.2,16371.1
194,0,0,0
194,1,0.01,5584.54
194,2,0.02,8392.65
194,3,0.03,9133.29
194,4,0.04,9681.74
194,5,0.05,10160.8
194,6,0.06,10612.2
194,7,0.07,11041.4
194,8,0.08,11459.6
194,9,0.09,11870.6
194,10,0.1,12276.1
194,11,0.11,12677.1
194,12,0.12,13074.3
194,13,0.13,13468.2
194,14,0.14,13859.1
194,15,0.15,14247.5
194,16,0.16,14633.4
194,17,0.17,15017
194,18,0.18,15398.6
194,19,0.19,15778.1
194,20,0.2,16155.8
195,0,0,0
195,1,0.01,4930.43
195,2,0.02,7547.68
195,3,0.03,8201.26
195,4,0.04,8650.27
195,5,0.05,9022.55
195,6,0.06,9365.6
195,7,0.07,9686.42
195,8,0.08,9995.78
195,9,0.09,10297.9
195,10,0.1,10594.5
195,11,0.11,10886.9
195,12,0.12,11175.8
195,13,0.13,11461.6
195,14,0.14,11744.8
195,15,0.15,12025.7
195,16,0.16,12304.4
195,17,0.17,12581.3
195,18,0.18,12856.3
195,19,0.19,13129.7
195,20,0.2,13401.5
196,0,0,0
196,1,0.01,5034.97
196,2,0.02,8683.53
196,3,0.03,9510.37
196,4,0.04,10015.5
196,5,0.05,10389.4
196,6,0.06,10710.1
196,7,0.07,10998.7
196,8,0.08,11271.7
196,9,0.09,11534.6
196,10,0.1,11790
196,11,0.11,12039.5
196,12,0.12,12284.3
196,13,0.13,12525.3
196,14,0.14,12763
196,15,0.15,12997.9
196,16,0.16,13230.4
196,17,0.17,13460.6
196,18,0.18,13688.8
196,19,0.19,13915.2
196,20,0.2,14139.8
197,0,0,0
197,1,0.01,4987.7
197,2,0.02,8504.7
197,3,0.03,9157.92
197,4,0.04,9502.68
197,5,0.05,9749.47
197,6,0.06,9952.37
197,7,0.07,10142.7
197,8,0.08,10321.4
197,9,0.09,10492.8
197,10,0.1,10658.4
197,11,0.11,10819.3
197,12,0.12,10976.4
197,13,0.13,11130.2
197,14,0.14,11281.2
197,15,0.15,11429.7
197,16,0.16,11576.2
197,17,0.17,11720.7
197,18,0.18,11863.5
197,19,0.19,12004.8
197,20,0.2,12144.7
198,0,0,0
198,1,0.01,4908.51
198,2,0.02,9117.02
198,3,0.03,10037.4
198,4,0.04,10510.8
198,5,0.05,10851
198,6,0.06,11137.5
198,7,0.07,11399.6
198,8,0.08,11645.6
198,9,0.09,11881
198,10,0.1,12108.9
198,11,0.11,12331
198,12,0.12,12548.3
198,13,0.13,12761.8
198,14,0.14,12971.9
198,15,0.15,13179.2
198,16,0.16,13383.9
198,17,0.17,13586.4
198,18,0.18,13786.9
198,19,0.19,13985.6
198,20,0.2,14182.5
199,0,0,0
199,1,0.01,4944.73
199,2,0.02,8700.47
199,3,0.03,9535.29
199,4,0.04,10023
199,5,0.05,10360.8
199,6,0.06,10635.5
199,7,0.07,10874.9
199,8,0.08,11099
199,9,0.09,11313.5
199,10,0.1,11520.5
199,11,0.11,11721.7
199,12,0.12,11918.1
199,13,0.13,12110.6
199,14,0.14,12299.6
199,15,0.15,12485.8
199,16,0.16,12669.6
199,17,0.17,12851.1
199,18,0.18,13030.6
199,19,0.19,13208.4
199,20,0.2,13384.5
